experiment_type,experiment_id,name,category,numeric_value,display_value,unit,direction
evaluation,eval-task-00fvcu-1783914281,detail.metrics.metrics.summary.r1,,0.11611483799817568,0.11611483799817568,,max
evaluation,eval-task-00fvcu-1783914281,detail.metrics.metrics.summary.r2,,0.4431999999999999,0.4431999999999999,,max
evaluation,eval-task-00fvcu-1783914281,detail.metrics.metrics.summary.r3,,0.13605947955390335,0.13605947955390335,,max
evaluation,eval-task-00fvcu-1783914281,detail.metrics.metrics.summary.totalScore,,0.9100084638935424,0.9100084638935424,,max
evaluation,eval-task-00fvcu-1783914281,detail.metrics.score,,0.9100084638935424,0.9100084638935424,,max
evaluation,eval-task-00fvcu-1783914281,detail.score,,0.9100084638935424,0.9100084638935424,,max
evaluation,eval-task-00fvcu-1783914281,score,,0.9100084638935424,0.9100084638935424,,max
evaluation,eval-task-03iah7-1784824741,detail.metrics.metrics.summary.r1,,0.15821072897016733,0.15821072897016733,,max
evaluation,eval-task-03iah7-1784824741,detail.metrics.metrics.summary.r2,,0.4581,0.4581,,max
evaluation,eval-task-03iah7-1784824741,detail.metrics.metrics.summary.r3,,0.1591078066914498,0.1591078066914498,,max
evaluation,eval-task-03iah7-1784824741,detail.metrics.metrics.summary.totalScore,,1.020714702909004,1.020714702909004,,max
evaluation,eval-task-03iah7-1784824741,detail.metrics.score,,1.020714702909004,1.020714702909004,,max
evaluation,eval-task-03iah7-1784824741,detail.score,,1.020714702909004,1.020714702909004,,max
evaluation,eval-task-03iah7-1784824741,score,,1.020714702909004,1.020714702909004,,max
evaluation,eval-task-0n4d6u-1785215428,detail.metrics.metrics.summary.r1,,0.1596919023071656,0.1596919023071656,,max
evaluation,eval-task-0n4d6u-1785215428,detail.metrics.metrics.summary.r2,,0.404,0.404,,max
evaluation,eval-task-0n4d6u-1785215428,detail.metrics.metrics.summary.r3,,0.15985130111524162,0.15985130111524162,,max
evaluation,eval-task-0n4d6u-1785215428,detail.metrics.metrics.summary.totalScore,,0.968839370669794,0.968839370669794,,max
evaluation,eval-task-0n4d6u-1785215428,detail.metrics.score,,0.968839370669794,0.968839370669794,,max
evaluation,eval-task-0n4d6u-1785215428,detail.score,,0.968839370669794,0.968839370669794,,max
evaluation,eval-task-0n4d6u-1785215428,score,,0.968839370669794,0.968839370669794,,max
evaluation,eval-task-0yco4c-1784766273,detail.metrics.metrics.summary.r1,,0.1599212282349735,0.1599212282349735,,max
evaluation,eval-task-0yco4c-1784766273,detail.metrics.metrics.summary.r2,,0.46329999999999993,0.46329999999999993,,max
evaluation,eval-task-0yco4c-1784766273,detail.metrics.metrics.summary.r3,,0.1591078066914498,0.1591078066914498,,max
evaluation,eval-task-0yco4c-1784766273,detail.metrics.metrics.summary.totalScore,,1.02762520217381,1.02762520217381,,max
evaluation,eval-task-0yco4c-1784766273,detail.metrics.score,,1.02762520217381,1.02762520217381,,max
evaluation,eval-task-0yco4c-1784766273,detail.score,,1.0276252021738101,1.0276252021738101,,max
evaluation,eval-task-0yco4c-1784766273,score,,1.0276252021738101,1.0276252021738101,,max
evaluation,eval-task-11dcyu-1784876180,detail.metrics.metrics.summary.r1,,0.13946766959726067,0.13946766959726067,,max
evaluation,eval-task-11dcyu-1784876180,detail.metrics.metrics.summary.r2,,0.42689999999999995,0.42689999999999995,,max
evaluation,eval-task-11dcyu-1784876180,detail.metrics.metrics.summary.r3,,0.15613382899628253,0.15613382899628253,,max
evaluation,eval-task-11dcyu-1784876180,detail.metrics.metrics.summary.totalScore,,0.9064736240290832,0.9064736240290832,,max
evaluation,eval-task-11dcyu-1784876180,detail.metrics.score,,0.9064736240290832,0.9064736240290832,,max
evaluation,eval-task-11dcyu-1784876180,detail.score,,0.9064736240290833,0.9064736240290833,,max
evaluation,eval-task-11dcyu-1784876180,score,,0.9064736240290833,0.9064736240290833,,max
evaluation,eval-task-1des9n-1783746388,detail.metrics.metrics.summary.r1,,0.09647707339883208,0.09647707339883208,,max
evaluation,eval-task-1des9n-1783746388,detail.metrics.metrics.summary.r2,,0.4119,0.4119,,max
evaluation,eval-task-1des9n-1783746388,detail.metrics.metrics.summary.r3,,0.13048327137546467,0.13048327137546467,,max
evaluation,eval-task-1des9n-1783746388,detail.metrics.metrics.summary.totalScore,,0.8841565120216835,0.8841565120216835,,max
evaluation,eval-task-1des9n-1783746388,detail.metrics.score,,0.8841565120216835,0.8841565120216835,,max
evaluation,eval-task-1des9n-1783746388,detail.score,,0.8841565120216835,0.8841565120216835,,max
evaluation,eval-task-1des9n-1783746388,score,,0.8841565120216835,0.8841565120216835,,max
evaluation,eval-task-1i7jj3-1784437859,detail.metrics.metrics.summary.r1,,0.1605646446734994,0.1605646446734994,,max
evaluation,eval-task-1i7jj3-1784437859,detail.metrics.metrics.summary.r2,,0.429,0.429,,max
evaluation,eval-task-1i7jj3-1784437859,detail.metrics.metrics.summary.r3,,0.16171003717472118,0.16171003717472118,,max
evaluation,eval-task-1i7jj3-1784437859,detail.metrics.metrics.summary.totalScore,,0.9965708490956072,0.9965708490956072,,max
evaluation,eval-task-1i7jj3-1784437859,detail.metrics.score,,0.9965708490956072,0.9965708490956072,,max
evaluation,eval-task-1i7jj3-1784437859,detail.score,,0.9965708490956073,0.9965708490956073,,max
evaluation,eval-task-1i7jj3-1784437859,score,,0.9965708490956073,0.9965708490956073,,max
evaluation,eval-task-38vfcj-1782906675,detail.metrics.metrics.summary.r1,,0.10975526297810444,0.10975526297810444,,max
evaluation,eval-task-38vfcj-1782906675,detail.metrics.metrics.summary.r2,,0.38609999999999994,0.38609999999999994,,max
evaluation,eval-task-38vfcj-1782906675,detail.metrics.metrics.summary.r3,,0.12936802973977696,0.12936802973977696,,max
evaluation,eval-task-38vfcj-1782906675,detail.metrics.metrics.summary.totalScore,,0.8091954181534214,0.8091954181534214,,max
evaluation,eval-task-38vfcj-1782906675,detail.metrics.score,,0.8091954181534214,0.8091954181534214,,max
evaluation,eval-task-38vfcj-1782906675,detail.score,,0.8091954181534214,0.8091954181534214,,max
evaluation,eval-task-38vfcj-1782906675,score,,0.8091954181534214,0.8091954181534214,,max
evaluation,eval-task-3dp9h6-1785049271,detail.metrics.metrics.summary.r1,,0.158027667239182,0.158027667239182,,max
evaluation,eval-task-3dp9h6-1785049271,detail.metrics.metrics.summary.r2,,0.4345,0.4345,,max
evaluation,eval-task-3dp9h6-1785049271,detail.metrics.metrics.summary.r3,,0.158364312267658,0.158364312267658,,max
evaluation,eval-task-3dp9h6-1785049271,detail.metrics.metrics.summary.totalScore,,0.9961881467542268,0.9961881467542268,,max
evaluation,eval-task-3dp9h6-1785049271,detail.metrics.score,,0.9961881467542268,0.9961881467542268,,max
evaluation,eval-task-3dp9h6-1785049271,detail.score,,0.9961881467542267,0.9961881467542267,,max
evaluation,eval-task-3dp9h6-1785049271,score,,0.9961881467542267,0.9961881467542267,,max
evaluation,eval-task-3eo9jz-1783336581,detail.metrics.metrics.summary.r1,,0.10823633756201902,0.10823633756201902,,max
evaluation,eval-task-3eo9jz-1783336581,detail.metrics.metrics.summary.r2,,0.451,0.451,,max
evaluation,eval-task-3eo9jz-1783336581,detail.metrics.metrics.summary.r3,,0.14386617100371746,0.14386617100371746,,max
evaluation,eval-task-3eo9jz-1783336581,detail.metrics.metrics.summary.totalScore,,0.9177366549072,0.9177366549072,,max
evaluation,eval-task-3eo9jz-1783336581,detail.metrics.score,,0.9177366549072,0.9177366549072,,max
evaluation,eval-task-3eo9jz-1783336581,detail.score,,0.9177366549071999,0.9177366549071999,,max
evaluation,eval-task-3eo9jz-1783336581,score,,0.9177366549071999,0.9177366549071999,,max
evaluation,eval-task-3k8v5e-1783914292,detail.metrics.metrics.summary.r1,,0.14741596175024527,0.14741596175024527,,max
evaluation,eval-task-3k8v5e-1783914292,detail.metrics.metrics.summary.r2,,0.452,0.452,,max
evaluation,eval-task-3k8v5e-1783914292,detail.metrics.metrics.summary.r3,,0.14014869888475837,0.14014869888475837,,max
evaluation,eval-task-3k8v5e-1783914292,detail.metrics.metrics.summary.totalScore,,0.9848608278823904,0.9848608278823904,,max
evaluation,eval-task-3k8v5e-1783914292,detail.metrics.score,,0.9848608278823904,0.9848608278823904,,max
evaluation,eval-task-3k8v5e-1783914292,detail.score,,0.9848608278823904,0.9848608278823904,,max
evaluation,eval-task-3k8v5e-1783914292,score,,0.9848608278823904,0.9848608278823904,,max
evaluation,eval-task-40k2ig-1784100661,detail.metrics.metrics.summary.r1,,0.15831918559728353,0.15831918559728353,,max
evaluation,eval-task-40k2ig-1784100661,detail.metrics.metrics.summary.r2,,0.4337,0.4337,,max
evaluation,eval-task-40k2ig-1784100661,detail.metrics.metrics.summary.r3,,0.13903345724907062,0.13903345724907062,,max
evaluation,eval-task-40k2ig-1784100661,detail.metrics.metrics.summary.totalScore,,0.976348810093741,0.976348810093741,,max
evaluation,eval-task-40k2ig-1784100661,detail.metrics.score,,0.976348810093741,0.976348810093741,,max
evaluation,eval-task-40k2ig-1784100661,detail.score,,0.976348810093741,0.976348810093741,,max
evaluation,eval-task-40k2ig-1784100661,score,,0.976348810093741,0.976348810093741,,max
evaluation,eval-task-4lmbg1-1784446875,detail.metrics.metrics.summary.r1,,0.15942037125926942,0.15942037125926942,,max
evaluation,eval-task-4lmbg1-1784446875,detail.metrics.metrics.summary.r2,,0.4136,0.4136,,max
evaluation,eval-task-4lmbg1-1784446875,detail.metrics.metrics.summary.r3,,0.15947955390334573,0.15947955390334573,,max
evaluation,eval-task-4lmbg1-1784446875,detail.metrics.metrics.summary.totalScore,,0.977796092410002,0.977796092410002,,max
evaluation,eval-task-4lmbg1-1784446875,detail.metrics.score,,0.977796092410002,0.977796092410002,,max
evaluation,eval-task-4lmbg1-1784446875,detail.score,,0.977796092410002,0.977796092410002,,max
evaluation,eval-task-4lmbg1-1784446875,score,,0.977796092410002,0.977796092410002,,max
evaluation,eval-task-4twavz-1783089079,detail.metrics.metrics.summary.r1,,0.1160111833812945,0.1160111833812945,,max
evaluation,eval-task-4twavz-1783089079,detail.metrics.metrics.summary.r2,,0.4271,0.4271,,max
evaluation,eval-task-4twavz-1783089079,detail.metrics.metrics.summary.r3,,0.14312267657992564,0.14312267657992564,,max
evaluation,eval-task-4twavz-1783089079,detail.metrics.metrics.summary.totalScore,,0.9008680063026836,0.9008680063026836,,max
evaluation,eval-task-4twavz-1783089079,detail.metrics.score,,0.9008680063026836,0.9008680063026836,,max
evaluation,eval-task-4twavz-1783089079,detail.score,,0.9008680063026836,0.9008680063026836,,max
evaluation,eval-task-4twavz-1783089079,score,,0.9008680063026836,0.9008680063026836,,max
evaluation,eval-task-5kj67d-1784530748,detail.metrics.metrics.summary.r1,,0.14368657059828818,0.14368657059828818,,max
evaluation,eval-task-5kj67d-1784530748,detail.metrics.metrics.summary.r2,,0.4174,0.4174,,max
evaluation,eval-task-5kj67d-1784530748,detail.metrics.metrics.summary.r3,,0.15204460966542752,0.15204460966542752,,max
evaluation,eval-task-5kj67d-1784530748,detail.metrics.metrics.summary.totalScore,,0.9584273475111024,0.9584273475111024,,max
evaluation,eval-task-5kj67d-1784530748,detail.metrics.score,,0.9584273475111024,0.9584273475111024,,max
evaluation,eval-task-5kj67d-1784530748,detail.score,,0.9584273475111025,0.9584273475111025,,max
evaluation,eval-task-5kj67d-1784530748,score,,0.9584273475111025,0.9584273475111025,,max
evaluation,eval-task-651m3h-1783323564,detail.metrics.metrics.summary.r1,,0.13292707405253573,0.13292707405253573,,max
evaluation,eval-task-651m3h-1783323564,detail.metrics.metrics.summary.r2,,0.3723,0.3723,,max
evaluation,eval-task-651m3h-1783323564,detail.metrics.metrics.summary.r3,,0.1446096654275093,0.1446096654275093,,max
evaluation,eval-task-651m3h-1783323564,detail.metrics.metrics.summary.totalScore,,0.833808864915585,0.833808864915585,,max
evaluation,eval-task-651m3h-1783323564,detail.metrics.score,,0.833808864915585,0.833808864915585,,max
evaluation,eval-task-651m3h-1783323564,detail.score,,0.833808864915585,0.833808864915585,,max
evaluation,eval-task-651m3h-1783323564,score,,0.833808864915585,0.833808864915585,,max
evaluation,eval-task-6973bh-1784186715,detail.metrics.metrics.summary.r1,,0.14790793067629893,0.14790793067629893,,max
evaluation,eval-task-6973bh-1784186715,detail.metrics.metrics.summary.r2,,0.4262,0.4262,,max
evaluation,eval-task-6973bh-1784186715,detail.metrics.metrics.summary.r3,,0.1382899628252788,0.1382899628252788,,max
evaluation,eval-task-6973bh-1784186715,detail.metrics.metrics.summary.totalScore,,0.988356081654888,0.988356081654888,,max
evaluation,eval-task-6973bh-1784186715,detail.metrics.score,,0.988356081654888,0.988356081654888,,max
evaluation,eval-task-6973bh-1784186715,detail.score,,0.9883560816548879,0.9883560816548879,,max
evaluation,eval-task-6973bh-1784186715,score,,0.9883560816548879,0.9883560816548879,,max
evaluation,eval-task-6tn1xs-1783564210,detail.metrics.metrics.summary.r1,,0.10628992383012024,0.10628992383012024,,max
evaluation,eval-task-6tn1xs-1783564210,detail.metrics.metrics.summary.r2,,0.31889999999999996,0.31889999999999996,,max
evaluation,eval-task-6tn1xs-1783564210,detail.metrics.metrics.summary.r3,,0.14795539033457247,0.14795539033457247,,max
evaluation,eval-task-6tn1xs-1783564210,detail.metrics.metrics.summary.totalScore,,0.7571174396002327,0.7571174396002327,,max
evaluation,eval-task-6tn1xs-1783564210,detail.metrics.score,,0.7571174396002327,0.7571174396002327,,max
evaluation,eval-task-6tn1xs-1783564210,detail.score,,0.7571174396002327,0.7571174396002327,,max
evaluation,eval-task-6tn1xs-1783564210,score,,0.7571174396002327,0.7571174396002327,,max
evaluation,eval-task-6usmb7-1783908972,detail.metrics.metrics.summary.r1,,0.13978629087263392,0.13978629087263392,,max
evaluation,eval-task-6usmb7-1783908972,detail.metrics.metrics.summary.r2,,0.4454,0.4454,,max
evaluation,eval-task-6usmb7-1783908972,detail.metrics.metrics.summary.r3,,0.137546468401487,0.137546468401487,,max
evaluation,eval-task-6usmb7-1783908972,detail.metrics.metrics.summary.totalScore,,0.9680289265215076,0.9680289265215076,,max
evaluation,eval-task-6usmb7-1783908972,detail.metrics.score,,0.9680289265215076,0.9680289265215076,,max
evaluation,eval-task-6usmb7-1783908972,detail.score,,0.9680289265215077,0.9680289265215077,,max
evaluation,eval-task-6usmb7-1783908972,score,,0.9680289265215077,0.9680289265215077,,max
evaluation,eval-task-7m7vau-1785238259,detail.metrics.metrics.summary.r1,,0.16086367588918715,0.16086367588918715,,max
evaluation,eval-task-7m7vau-1785238259,detail.metrics.metrics.summary.r2,,0.4314,0.4314,,max
evaluation,eval-task-7m7vau-1785238259,detail.metrics.metrics.summary.r3,,0.16171003717472118,0.16171003717472118,,max
evaluation,eval-task-7m7vau-1785238259,detail.metrics.metrics.summary.totalScore,,0.9992698803112952,0.9992698803112952,,max
evaluation,eval-task-7m7vau-1785238259,detail.metrics.score,,0.9992698803112952,0.9992698803112952,,max
evaluation,eval-task-7m7vau-1785238259,detail.score,,0.9992698803112952,0.9992698803112952,,max
evaluation,eval-task-7m7vau-1785238259,score,,0.9992698803112952,0.9992698803112952,,max
evaluation,eval-task-8kjsh2-1785298964,detail.metrics.metrics.summary.r1,,0.1595059279162358,0.1595059279162358,,max
evaluation,eval-task-8kjsh2-1785298964,detail.metrics.metrics.summary.r2,,0.45359999999999995,0.45359999999999995,,max
evaluation,eval-task-8kjsh2-1785298964,detail.metrics.metrics.summary.r3,,0.137546468401487,0.137546468401487,,max
evaluation,eval-task-8kjsh2-1785298964,detail.metrics.metrics.summary.totalScore,,0.9959485635651096,0.9959485635651096,,max
evaluation,eval-task-8kjsh2-1785298964,detail.metrics.score,,0.9959485635651096,0.9959485635651096,,max
evaluation,eval-task-8kjsh2-1785298964,detail.score,,0.9959485635651095,0.9959485635651095,,max
evaluation,eval-task-8kjsh2-1785298964,score,,0.9959485635651095,0.9959485635651095,,max
evaluation,eval-task-8l83ke-1785292754,detail.metrics.metrics.summary.r1,,0.1604431178161385,0.1604431178161385,,max
evaluation,eval-task-8l83ke-1785292754,detail.metrics.metrics.summary.r2,,0.4589,0.4589,,max
evaluation,eval-task-8l83ke-1785292754,detail.metrics.metrics.summary.r3,,0.16096654275092936,0.16096654275092936,,max
evaluation,eval-task-8l83ke-1785292754,detail.metrics.metrics.summary.totalScore,,0.9949438069085312,0.9949438069085312,,max
evaluation,eval-task-8l83ke-1785292754,detail.metrics.score,,0.9949438069085312,0.9949438069085312,,max
evaluation,eval-task-8l83ke-1785292754,detail.score,,0.9949438069085313,0.9949438069085313,,max
evaluation,eval-task-8l83ke-1785292754,score,,0.9949438069085313,0.9949438069085313,,max
evaluation,eval-task-8lnsxp-1784776982,detail.metrics.metrics.summary.r1,,0.168845313268235,0.168845313268235,,max
evaluation,eval-task-8lnsxp-1784776982,detail.metrics.metrics.summary.r2,,0.3915,0.3915,,max
evaluation,eval-task-8lnsxp-1784776982,detail.metrics.metrics.summary.r3,,0.08141263940520445,0.08141263940520445,,max
evaluation,eval-task-8lnsxp-1784776982,detail.metrics.metrics.summary.totalScore,,0.7644060362971328,0.7644060362971328,,max
evaluation,eval-task-8lnsxp-1784776982,detail.metrics.score,,0.7644060362971328,0.7644060362971328,,max
evaluation,eval-task-8lnsxp-1784776982,detail.score,,0.7644060362971328,0.7644060362971328,,max
evaluation,eval-task-8lnsxp-1784776982,score,,0.7644060362971328,0.7644060362971328,,max
evaluation,eval-task-8wrnt7-1784509895,detail.metrics.metrics.summary.r1,,0.15856109194904744,0.15856109194904744,,max
evaluation,eval-task-8wrnt7-1784509895,detail.metrics.metrics.summary.r2,,0.4445,0.4445,,max
evaluation,eval-task-8wrnt7-1784509895,detail.metrics.metrics.summary.r3,,0.15873605947955388,0.15873605947955388,,max
evaluation,eval-task-8wrnt7-1784509895,detail.metrics.metrics.summary.totalScore,,1.007093318675988,1.007093318675988,,max
evaluation,eval-task-8wrnt7-1784509895,detail.metrics.score,,1.007093318675988,1.007093318675988,,max
evaluation,eval-task-8wrnt7-1784509895,detail.score,,1.007093318675988,1.007093318675988,,max
evaluation,eval-task-8wrnt7-1784509895,score,,1.007093318675988,1.007093318675988,,max
evaluation,eval-task-8xn1qi-1785165649,detail.metrics.metrics.summary.r1,,0.16075334327498808,0.16075334327498808,,max
evaluation,eval-task-8xn1qi-1785165649,detail.metrics.metrics.summary.r2,,0.4514,0.4514,,max
evaluation,eval-task-8xn1qi-1785165649,detail.metrics.metrics.summary.r3,,0.16505576208178438,0.16505576208178438,,max
evaluation,eval-task-8xn1qi-1785165649,detail.metrics.metrics.summary.totalScore,,1.0225052726041592,1.0225052726041592,,max
evaluation,eval-task-8xn1qi-1785165649,detail.metrics.score,,1.0225052726041592,1.0225052726041592,,max
evaluation,eval-task-8xn1qi-1785165649,detail.score,,1.0225052726041592,1.0225052726041592,,max
evaluation,eval-task-8xn1qi-1785165649,score,,1.0225052726041592,1.0225052726041592,,max
evaluation,eval-task-933dca-1783184219,detail.metrics.metrics.summary.r1,,0.11847619837959784,0.11847619837959784,,max
evaluation,eval-task-933dca-1783184219,detail.metrics.metrics.summary.r2,,0.4227,0.4227,,max
evaluation,eval-task-933dca-1783184219,detail.metrics.metrics.summary.r3,,0.14200743494423793,0.14200743494423793,,max
evaluation,eval-task-933dca-1783184219,detail.metrics.metrics.summary.totalScore,,0.8671557587593758,0.8671557587593758,,max
evaluation,eval-task-933dca-1783184219,detail.metrics.score,,0.8671557587593758,0.8671557587593758,,max
evaluation,eval-task-933dca-1783184219,detail.score,,0.8671557587593758,0.8671557587593758,,max
evaluation,eval-task-933dca-1783184219,score,,0.8671557587593758,0.8671557587593758,,max
evaluation,eval-task-9ie86v-1783961075,detail.metrics.metrics.summary.r1,,0.15730485580365727,0.15730485580365727,,max
evaluation,eval-task-9ie86v-1783961075,detail.metrics.metrics.summary.r2,,0.4562,0.4562,,max
evaluation,eval-task-9ie86v-1783961075,detail.metrics.metrics.summary.r3,,0.13903345724907062,0.13903345724907062,,max
evaluation,eval-task-9ie86v-1783961075,detail.metrics.metrics.summary.totalScore,,0.9978344803001148,0.9978344803001148,,max
evaluation,eval-task-9ie86v-1783961075,detail.metrics.score,,0.9978344803001148,0.9978344803001148,,max
evaluation,eval-task-9ie86v-1783961075,detail.score,,0.9978344803001147,0.9978344803001147,,max
evaluation,eval-task-9ie86v-1783961075,score,,0.9978344803001147,0.9978344803001147,,max
evaluation,eval-task-9nepj1-1784698215,detail.metrics.metrics.summary.r1,,0.15852461096810916,0.15852461096810916,,max
evaluation,eval-task-9nepj1-1784698215,detail.metrics.metrics.summary.r2,,0.4715,0.4715,,max
evaluation,eval-task-9nepj1-1784698215,detail.metrics.metrics.summary.r3,,0.1591078066914498,0.1591078066914498,,max
evaluation,eval-task-9nepj1-1784698215,detail.metrics.metrics.summary.totalScore,,1.0344285849069457,1.0344285849069457,,max
evaluation,eval-task-9nepj1-1784698215,detail.metrics.score,,1.0344285849069457,1.0344285849069457,,max
evaluation,eval-task-9nepj1-1784698215,detail.score,,1.0344285849069457,1.0344285849069457,,max
evaluation,eval-task-9nepj1-1784698215,score,,1.0344285849069457,1.0344285849069457,,max
evaluation,eval-task-9onq96-1783657430,detail.metrics.metrics.summary.r1,,0.13509839804847684,0.13509839804847684,,max
evaluation,eval-task-9onq96-1783657430,detail.metrics.metrics.summary.r2,,0.3989,0.3989,,max
evaluation,eval-task-9onq96-1783657430,detail.metrics.metrics.summary.r3,,0.14349442379182156,0.14349442379182156,,max
evaluation,eval-task-9onq96-1783657430,detail.metrics.metrics.summary.totalScore,,0.8614649472758386,0.8614649472758386,,max
evaluation,eval-task-9onq96-1783657430,detail.metrics.score,,0.8614649472758386,0.8614649472758386,,max
evaluation,eval-task-9onq96-1783657430,detail.score,,0.8614649472758386,0.8614649472758386,,max
evaluation,eval-task-9onq96-1783657430,score,,0.8614649472758386,0.8614649472758386,,max
evaluation,eval-task-a191lq-1785208992,detail.metrics.metrics.summary.r1,,0.16007311775675864,0.16007311775675864,,max
evaluation,eval-task-a191lq-1785208992,detail.metrics.metrics.summary.r2,,0.4328,0.4328,,max
evaluation,eval-task-a191lq-1785208992,detail.metrics.metrics.summary.r3,,0.16171003717472118,0.16171003717472118,,max
evaluation,eval-task-a191lq-1785208992,detail.metrics.metrics.summary.totalScore,,0.9998793221788668,0.9998793221788668,,max
evaluation,eval-task-a191lq-1785208992,detail.metrics.score,,0.9998793221788668,0.9998793221788668,,max
evaluation,eval-task-a191lq-1785208992,detail.score,,0.9998793221788667,0.9998793221788667,,max
evaluation,eval-task-a191lq-1785208992,score,,0.9998793221788667,0.9998793221788667,,max
evaluation,eval-task-a1c3jq-1784120437,detail.metrics.metrics.summary.r1,,0.1473505799210894,0.1473505799210894,,max
evaluation,eval-task-a1c3jq-1784120437,detail.metrics.metrics.summary.r2,,0.4502,0.4502,,max
evaluation,eval-task-a1c3jq-1784120437,detail.metrics.metrics.summary.r3,,0.13717472118959106,0.13717472118959106,,max
evaluation,eval-task-a1c3jq-1784120437,detail.metrics.metrics.summary.totalScore,,0.9800214683580672,0.9800214683580672,,max
evaluation,eval-task-a1c3jq-1784120437,detail.metrics.score,,0.9800214683580672,0.9800214683580672,,max
evaluation,eval-task-a1c3jq-1784120437,detail.score,,0.9800214683580672,0.9800214683580672,,max
evaluation,eval-task-a1c3jq-1784120437,score,,0.9800214683580672,0.9800214683580672,,max
evaluation,eval-task-ab0nlb-1784963971,detail.metrics.metrics.summary.r1,,0.16033809479535777,0.16033809479535777,,max
evaluation,eval-task-ab0nlb-1784963971,detail.metrics.metrics.summary.r2,,0.4558,0.4558,,max
evaluation,eval-task-ab0nlb-1784963971,detail.metrics.metrics.summary.r3,,0.1591078066914498,0.1591078066914498,,max
evaluation,eval-task-ab0nlb-1784963971,detail.metrics.metrics.summary.totalScore,,1.0205420687341944,1.0205420687341944,,max
evaluation,eval-task-ab0nlb-1784963971,detail.metrics.score,,1.0205420687341944,1.0205420687341944,,max
evaluation,eval-task-ab0nlb-1784963971,detail.score,,1.0205420687341944,1.0205420687341944,,max
evaluation,eval-task-ab0nlb-1784963971,score,,1.0205420687341944,1.0205420687341944,,max
evaluation,eval-task-b7l9ri-1782990342,detail.metrics.metrics.summary.r1,,0.10880430294983633,0.10880430294983633,,max
evaluation,eval-task-b7l9ri-1782990342,detail.metrics.metrics.summary.r2,,0.4383,0.4383,,max
evaluation,eval-task-b7l9ri-1782990342,detail.metrics.metrics.summary.r3,,0.14237918215613382,0.14237918215613382,,max
evaluation,eval-task-b7l9ri-1782990342,detail.metrics.metrics.summary.totalScore,,0.8427935896355868,0.8427935896355868,,max
evaluation,eval-task-b7l9ri-1782990342,detail.metrics.score,,0.8427935896355868,0.8427935896355868,,max
evaluation,eval-task-b7l9ri-1782990342,detail.score,,0.8427935896355868,0.8427935896355868,,max
evaluation,eval-task-b7l9ri-1782990342,score,,0.8427935896355868,0.8427935896355868,,max
evaluation,eval-task-b8fnw7-1783566714,detail.metrics.metrics.summary.r1,,0.08451772765369608,0.08451772765369608,,max
evaluation,eval-task-b8fnw7-1783566714,detail.metrics.metrics.summary.r2,,0.35519999999999996,0.35519999999999996,,max
evaluation,eval-task-b8fnw7-1783566714,detail.metrics.metrics.summary.r3,,0.08773234200743495,0.08773234200743495,,max
evaluation,eval-task-b8fnw7-1783566714,detail.metrics.metrics.summary.totalScore,,0.619436132378901,0.619436132378901,,max
evaluation,eval-task-b8fnw7-1783566714,detail.metrics.score,,0.619436132378901,0.619436132378901,,max
evaluation,eval-task-b8fnw7-1783566714,detail.score,,0.619436132378901,0.619436132378901,,max
evaluation,eval-task-b8fnw7-1783566714,score,,0.619436132378901,0.619436132378901,,max
evaluation,eval-task-bdu25q-1784560715,detail.metrics.metrics.summary.r1,,0.16191938648625664,0.16191938648625664,,max
evaluation,eval-task-bdu25q-1784560715,detail.metrics.metrics.summary.r2,,0.4388,0.4388,,max
evaluation,eval-task-bdu25q-1784560715,detail.metrics.metrics.summary.r3,,0.15947955390334573,0.15947955390334573,,max
evaluation,eval-task-bdu25q-1784560715,detail.metrics.metrics.summary.totalScore,,1.0054951076369891,1.0054951076369891,,max
evaluation,eval-task-bdu25q-1784560715,detail.metrics.score,,1.0054951076369891,1.0054951076369891,,max
evaluation,eval-task-bdu25q-1784560715,detail.score,,1.0054951076369891,1.0054951076369891,,max
evaluation,eval-task-bdu25q-1784560715,score,,1.0054951076369891,1.0054951076369891,,max
evaluation,eval-task-bqnlt3-1785055849,detail.metrics.metrics.summary.r1,,0.11177319358064916,0.11177319358064916,,max
evaluation,eval-task-bqnlt3-1785055849,detail.metrics.metrics.summary.r2,,0.4126,0.4126,,max
evaluation,eval-task-bqnlt3-1785055849,detail.metrics.metrics.summary.r3,,0.13048327137546467,0.13048327137546467,,max
evaluation,eval-task-bqnlt3-1785055849,detail.metrics.metrics.summary.totalScore,,0.8388285903916539,0.8388285903916539,,max
evaluation,eval-task-bqnlt3-1785055849,detail.metrics.score,,0.8388285903916539,0.8388285903916539,,max
evaluation,eval-task-bqnlt3-1785055849,detail.score,,0.8388285903916539,0.8388285903916539,,max
evaluation,eval-task-bqnlt3-1785055849,score,,0.8388285903916539,0.8388285903916539,,max
evaluation,eval-task-bqx37j-1785346299,detail.metrics.metrics.summary.r1,,0.1604910135533124,0.1604910135533124,,max
evaluation,eval-task-bqx37j-1785346299,detail.metrics.metrics.summary.r2,,0.4346999999999999,0.4346999999999999,,max
evaluation,eval-task-bqx37j-1785346299,detail.metrics.metrics.summary.r3,,0.15799256505576206,0.15799256505576206,,max
evaluation,eval-task-bqx37j-1785346299,detail.metrics.metrics.summary.totalScore,,0.9984797458564612,0.9984797458564612,,max
evaluation,eval-task-bqx37j-1785346299,detail.metrics.score,,0.9984797458564612,0.9984797458564612,,max
evaluation,eval-task-bqx37j-1785346299,detail.score,,0.9984797458564612,0.9984797458564612,,max
evaluation,eval-task-bqx37j-1785346299,score,,0.9984797458564612,0.9984797458564612,,max
evaluation,eval-task-bwvd45-1784866180,detail.metrics.metrics.summary.r1,,0.15872928724841978,0.15872928724841978,,max
evaluation,eval-task-bwvd45-1784866180,detail.metrics.metrics.summary.r2,,0.4263,0.4263,,max
evaluation,eval-task-bwvd45-1784866180,detail.metrics.metrics.summary.r3,,0.15873605947955388,0.15873605947955388,,max
evaluation,eval-task-bwvd45-1784866180,detail.metrics.metrics.summary.totalScore,,0.9890615139753604,0.9890615139753604,,max
evaluation,eval-task-bwvd45-1784866180,detail.metrics.score,,0.9890615139753604,0.9890615139753604,,max
evaluation,eval-task-bwvd45-1784866180,detail.score,,0.9890615139753605,0.9890615139753605,,max
evaluation,eval-task-bwvd45-1784866180,score,,0.9890615139753605,0.9890615139753605,,max
evaluation,eval-task-bwvp08-1783581556,detail.metrics.metrics.summary.r1,,0.1114376683960435,0.1114376683960435,,max
evaluation,eval-task-bwvp08-1783581556,detail.metrics.metrics.summary.r2,,0.4176,0.4176,,max
evaluation,eval-task-bwvp08-1783581556,detail.metrics.metrics.summary.r3,,0.14052044609665426,0.14052044609665426,,max
evaluation,eval-task-bwvp08-1783581556,detail.metrics.metrics.summary.totalScore,,0.8228682190223144,0.8228682190223144,,max
evaluation,eval-task-bwvp08-1783581556,detail.metrics.score,,0.8228682190223144,0.8228682190223144,,max
evaluation,eval-task-bwvp08-1783581556,detail.score,,0.8228682190223144,0.8228682190223144,,max
evaluation,eval-task-bwvp08-1783581556,score,,0.8228682190223144,0.8228682190223144,,max
evaluation,eval-task-cax6gm-1783677909,detail.metrics.metrics.summary.r1,,0.0991447269516443,0.0991447269516443,,max
evaluation,eval-task-cax6gm-1783677909,detail.metrics.metrics.summary.r2,,0.4333,0.4333,,max
evaluation,eval-task-cax6gm-1783677909,detail.metrics.metrics.summary.r3,,0.13643122676579925,0.13643122676579925,,max
evaluation,eval-task-cax6gm-1783677909,detail.metrics.metrics.summary.totalScore,,0.883510100058907,0.883510100058907,,max
evaluation,eval-task-cax6gm-1783677909,detail.metrics.score,,0.883510100058907,0.883510100058907,,max
evaluation,eval-task-cax6gm-1783677909,detail.score,,0.883510100058907,0.883510100058907,,max
evaluation,eval-task-cax6gm-1783677909,score,,0.883510100058907,0.883510100058907,,max
evaluation,eval-task-cls21y-1785198310,detail.metrics.metrics.summary.r1,,0.1606703971904387,0.1606703971904387,,max
evaluation,eval-task-cls21y-1785198310,detail.metrics.metrics.summary.r2,,0.4262,0.4262,,max
evaluation,eval-task-cls21y-1785198310,detail.metrics.metrics.summary.r3,,0.16431226765799256,0.16431226765799256,,max
evaluation,eval-task-cls21y-1785198310,detail.metrics.metrics.summary.totalScore,,0.996478832095818,0.996478832095818,,max
evaluation,eval-task-cls21y-1785198310,detail.metrics.score,,0.996478832095818,0.996478832095818,,max
evaluation,eval-task-cls21y-1785198310,detail.score,,0.996478832095818,0.996478832095818,,max
evaluation,eval-task-cls21y-1785198310,score,,0.996478832095818,0.996478832095818,,max
evaluation,eval-task-d9xyqv-1783775634,detail.metrics.metrics.summary.r1,,0.11343003435951564,0.11343003435951564,,max
evaluation,eval-task-d9xyqv-1783775634,detail.metrics.metrics.summary.r2,,0.4457,0.4457,,max
evaluation,eval-task-d9xyqv-1783775634,detail.metrics.metrics.summary.r3,,0.09368029739776952,0.09368029739776952,,max
evaluation,eval-task-d9xyqv-1783775634,detail.metrics.metrics.summary.totalScore,,0.8674444780987486,0.8674444780987486,,max
evaluation,eval-task-d9xyqv-1783775634,detail.metrics.score,,0.8674444780987486,0.8674444780987486,,max
evaluation,eval-task-d9xyqv-1783775634,detail.score,,0.8674444780987486,0.8674444780987486,,max
evaluation,eval-task-d9xyqv-1783775634,score,,0.8674444780987486,0.8674444780987486,,max
evaluation,eval-task-dehmwx-1784958565,detail.metrics.metrics.summary.r1,,0.1586686365354389,0.1586686365354389,,max
evaluation,eval-task-dehmwx-1784958565,detail.metrics.metrics.summary.r2,,0.4676999999999999,0.4676999999999999,,max
evaluation,eval-task-dehmwx-1784958565,detail.metrics.metrics.summary.r3,,0.1591078066914498,0.1591078066914498,,max
evaluation,eval-task-dehmwx-1784958565,detail.metrics.metrics.summary.totalScore,,1.0307726104742754,1.0307726104742754,,max
evaluation,eval-task-dehmwx-1784958565,detail.metrics.score,,1.0307726104742754,1.0307726104742754,,max
evaluation,eval-task-dehmwx-1784958565,detail.score,,1.0307726104742754,1.0307726104742754,,max
evaluation,eval-task-dehmwx-1784958565,score,,1.0307726104742754,1.0307726104742754,,max
evaluation,eval-task-eeve0r-1784036284,detail.metrics.metrics.summary.r1,,0.1456746759796538,0.1456746759796538,,max
evaluation,eval-task-eeve0r-1784036284,detail.metrics.metrics.summary.r2,,0.4434,0.4434,,max
evaluation,eval-task-eeve0r-1784036284,detail.metrics.metrics.summary.r3,,0.1382899628252788,0.1382899628252788,,max
evaluation,eval-task-eeve0r-1784036284,detail.metrics.metrics.summary.totalScore,,0.9726608060523194,0.9726608060523194,,max
evaluation,eval-task-eeve0r-1784036284,detail.metrics.score,,0.9726608060523194,0.9726608060523194,,max
evaluation,eval-task-eeve0r-1784036284,detail.score,,0.9726608060523194,0.9726608060523194,,max
evaluation,eval-task-eeve0r-1784036284,score,,0.9726608060523194,0.9726608060523194,,max
evaluation,eval-task-ej7m61-1783833965,detail.metrics.metrics.summary.r1,,0.13562737707415531,0.13562737707415531,,max
evaluation,eval-task-ej7m61-1783833965,detail.metrics.metrics.summary.r2,,0.4282,0.4282,,max
evaluation,eval-task-ej7m61-1783833965,detail.metrics.metrics.summary.r3,,0.13605947955390335,0.13605947955390335,,max
evaluation,eval-task-ej7m61-1783833965,detail.metrics.metrics.summary.totalScore,,0.8838589820635987,0.8838589820635987,,max
evaluation,eval-task-ej7m61-1783833965,detail.metrics.score,,0.8838589820635987,0.8838589820635987,,max
evaluation,eval-task-ej7m61-1783833965,detail.score,,0.8838589820635987,0.8838589820635987,,max
evaluation,eval-task-ej7m61-1783833965,score,,0.8838589820635987,0.8838589820635987,,max
evaluation,eval-task-ey93cy-1784530408,detail.metrics.metrics.summary.r1,,0.14621204208882443,0.14621204208882443,,max
evaluation,eval-task-ey93cy-1784530408,detail.metrics.metrics.summary.r2,,0.4186,0.4186,,max
evaluation,eval-task-ey93cy-1784530408,detail.metrics.metrics.summary.r3,,0.1516728624535316,0.1516728624535316,,max
evaluation,eval-task-ey93cy-1784530408,detail.metrics.metrics.summary.totalScore,,0.9617810717897428,0.9617810717897428,,max
evaluation,eval-task-ey93cy-1784530408,detail.metrics.score,,0.9617810717897428,0.9617810717897428,,max
evaluation,eval-task-ey93cy-1784530408,detail.score,,0.9617810717897428,0.9617810717897428,,max
evaluation,eval-task-ey93cy-1784530408,score,,0.9617810717897428,0.9617810717897428,,max
evaluation,eval-task-fgmypw-1784116120,detail.metrics.metrics.summary.r1,,0.15963563142756548,0.15963563142756548,,max
evaluation,eval-task-fgmypw-1784116120,detail.metrics.metrics.summary.r2,,0.4032,0.4032,,max
evaluation,eval-task-fgmypw-1784116120,detail.metrics.metrics.summary.r3,,0.1353159851301115,0.1353159851301115,,max
evaluation,eval-task-fgmypw-1784116120,detail.metrics.metrics.summary.totalScore,,0.9434477838050638,0.9434477838050638,,max
evaluation,eval-task-fgmypw-1784116120,detail.metrics.score,,0.9434477838050638,0.9434477838050638,,max
evaluation,eval-task-fgmypw-1784116120,detail.score,,0.9434477838050638,0.9434477838050638,,max
evaluation,eval-task-fgmypw-1784116120,score,,0.9434477838050638,0.9434477838050638,,max
evaluation,eval-task-fi76kx-1784606634,detail.metrics.metrics.summary.r1,,0.15808906559563551,0.15808906559563551,,max
evaluation,eval-task-fi76kx-1784606634,detail.metrics.metrics.summary.r2,,0.4413,0.4413,,max
evaluation,eval-task-fi76kx-1784606634,detail.metrics.metrics.summary.r3,,0.16059479553903344,0.16059479553903344,,max
evaluation,eval-task-fi76kx-1784606634,detail.metrics.metrics.summary.totalScore,,1.0052800283820558,1.0052800283820558,,max
evaluation,eval-task-fi76kx-1784606634,detail.metrics.score,,1.0052800283820558,1.0052800283820558,,max
evaluation,eval-task-fi76kx-1784606634,detail.score,,1.0052800283820558,1.0052800283820558,,max
evaluation,eval-task-fi76kx-1784606634,score,,1.0052800283820558,1.0052800283820558,,max
evaluation,eval-task-g4y7us-1784436397,detail.metrics.metrics.summary.r1,,0.16234024078258108,0.16234024078258108,,max
evaluation,eval-task-g4y7us-1784436397,detail.metrics.metrics.summary.r2,,0.4573999999999999,0.4573999999999999,,max
evaluation,eval-task-g4y7us-1784436397,detail.metrics.metrics.summary.r3,,0.16022304832713757,0.16022304832713757,,max
evaluation,eval-task-g4y7us-1784436397,detail.metrics.metrics.summary.totalScore,,1.0252594563571054,1.0252594563571054,,max
evaluation,eval-task-g4y7us-1784436397,detail.metrics.score,,1.0252594563571054,1.0252594563571054,,max
evaluation,eval-task-g4y7us-1784436397,detail.score,,1.0252594563571054,1.0252594563571054,,max
evaluation,eval-task-g4y7us-1784436397,score,,1.0252594563571054,1.0252594563571054,,max
evaluation,eval-task-g7h8gm-1782963521,detail.metrics.metrics.summary.r1,,0.08527897785350996,0.08527897785350996,,max
evaluation,eval-task-g7h8gm-1782963521,detail.metrics.metrics.summary.r2,,0.416,0.416,,max
evaluation,eval-task-g7h8gm-1782963521,detail.metrics.metrics.summary.r3,,0.13457249070631971,0.13457249070631971,,max
evaluation,eval-task-g7h8gm-1782963521,detail.metrics.metrics.summary.totalScore,,0.8198235939953697,0.8198235939953697,,max
evaluation,eval-task-g7h8gm-1782963521,detail.metrics.score,,0.8198235939953697,0.8198235939953697,,max
evaluation,eval-task-g7h8gm-1782963521,detail.score,,0.8198235939953697,0.8198235939953697,,max
evaluation,eval-task-g7h8gm-1782963521,score,,0.8198235939953697,0.8198235939953697,,max
evaluation,eval-task-h8gwve-1784082076,detail.metrics.metrics.summary.r1,,0.14651108199108262,0.14651108199108262,,max
evaluation,eval-task-h8gwve-1784082076,detail.metrics.metrics.summary.r2,,0.4363,0.4363,,max
evaluation,eval-task-h8gwve-1784082076,detail.metrics.metrics.summary.r3,,0.141635687732342,0.141635687732342,,max
evaluation,eval-task-h8gwve-1784082076,detail.metrics.metrics.summary.totalScore,,0.9697429369708116,0.9697429369708116,,max
evaluation,eval-task-h8gwve-1784082076,detail.metrics.score,,0.9697429369708116,0.9697429369708116,,max
evaluation,eval-task-h8gwve-1784082076,detail.score,,0.9697429369708115,0.9697429369708115,,max
evaluation,eval-task-h8gwve-1784082076,score,,0.9697429369708115,0.9697429369708115,,max
evaluation,eval-task-hs3t09-1785291389,detail.metrics.metrics.summary.r1,,0.1605004781227815,0.1605004781227815,,max
evaluation,eval-task-hs3t09-1785291389,detail.metrics.metrics.summary.r2,,0.4407,0.4407,,max
evaluation,eval-task-hs3t09-1785291389,detail.metrics.metrics.summary.r3,,0.16059479553903344,0.16059479553903344,,max
evaluation,eval-task-hs3t09-1785291389,detail.metrics.metrics.summary.totalScore,,1.0070914409092018,1.0070914409092018,,max
evaluation,eval-task-hs3t09-1785291389,detail.metrics.score,,1.0070914409092018,1.0070914409092018,,max
evaluation,eval-task-hs3t09-1785291389,detail.score,,1.0070914409092018,1.0070914409092018,,max
evaluation,eval-task-hs3t09-1785291389,score,,1.0070914409092018,1.0070914409092018,,max
evaluation,eval-task-htdqzc-1784309337,detail.metrics.metrics.summary.r1,,0.15596670290835074,0.15596670290835074,,max
evaluation,eval-task-htdqzc-1784309337,detail.metrics.metrics.summary.r2,,0.4358,0.4358,,max
evaluation,eval-task-htdqzc-1784309337,detail.metrics.metrics.summary.r3,,0.13866171003717473,0.13866171003717473,,max
evaluation,eval-task-htdqzc-1784309337,detail.metrics.metrics.summary.totalScore,,0.9757245801929124,0.9757245801929124,,max
evaluation,eval-task-htdqzc-1784309337,detail.metrics.score,,0.9757245801929124,0.9757245801929124,,max
evaluation,eval-task-htdqzc-1784309337,detail.score,,0.9757245801929123,0.9757245801929123,,max
evaluation,eval-task-htdqzc-1784309337,score,,0.9757245801929123,0.9757245801929123,,max
evaluation,eval-task-huvs98-1784547386,detail.metrics.metrics.summary.r1,,0.16065338368140877,0.16065338368140877,,max
evaluation,eval-task-huvs98-1784547386,detail.metrics.metrics.summary.r2,,0.44,0.44,,max
evaluation,eval-task-huvs98-1784547386,detail.metrics.metrics.summary.r3,,0.15650557620817843,0.15650557620817843,,max
evaluation,eval-task-huvs98-1784547386,detail.metrics.metrics.summary.totalScore,,0.910469064419204,0.910469064419204,,max
evaluation,eval-task-huvs98-1784547386,detail.metrics.score,,0.910469064419204,0.910469064419204,,max
evaluation,eval-task-huvs98-1784547386,detail.score,,0.9104690644192039,0.9104690644192039,,max
evaluation,eval-task-huvs98-1784547386,score,,0.9104690644192039,0.9104690644192039,,max
evaluation,eval-task-hx55da-1784022780,detail.metrics.metrics.summary.r1,,0.15730485580365727,0.15730485580365727,,max
evaluation,eval-task-hx55da-1784022780,detail.metrics.metrics.summary.r2,,0.4432,0.4432,,max
evaluation,eval-task-hx55da-1784022780,detail.metrics.metrics.summary.r3,,0.13791821561338288,0.13791821561338288,,max
evaluation,eval-task-hx55da-1784022780,detail.metrics.metrics.summary.totalScore,,0.9837192386644268,0.9837192386644268,,max
evaluation,eval-task-hx55da-1784022780,detail.metrics.score,,0.9837192386644268,0.9837192386644268,,max
evaluation,eval-task-hx55da-1784022780,detail.score,,0.9837192386644269,0.9837192386644269,,max
evaluation,eval-task-hx55da-1784022780,score,,0.9837192386644269,0.9837192386644269,,max
evaluation,eval-task-i4osm3-1784804919,detail.metrics.metrics.summary.r1,,0.16018730775719642,0.16018730775719642,,max
evaluation,eval-task-i4osm3-1784804919,detail.metrics.metrics.summary.r2,,0.4277,0.4277,,max
evaluation,eval-task-i4osm3-1784804919,detail.metrics.metrics.summary.r3,,0.15799256505576206,0.15799256505576206,,max
evaluation,eval-task-i4osm3-1784804919,detail.metrics.metrics.summary.totalScore,,0.960514019154422,0.960514019154422,,max
evaluation,eval-task-i4osm3-1784804919,detail.metrics.score,,0.960514019154422,0.960514019154422,,max
evaluation,eval-task-i4osm3-1784804919,detail.score,,0.9605140191544219,0.9605140191544219,,max
evaluation,eval-task-i4osm3-1784804919,score,,0.9605140191544219,0.9605140191544219,,max
evaluation,eval-task-imaw3z-1784686701,detail.metrics.metrics.summary.r1,,0.15743989491124163,0.15743989491124163,,max
evaluation,eval-task-imaw3z-1784686701,detail.metrics.metrics.summary.r2,,0.4215,0.4215,,max
evaluation,eval-task-imaw3z-1784686701,detail.metrics.metrics.summary.r3,,0.15873605947955388,0.15873605947955388,,max
evaluation,eval-task-imaw3z-1784686701,detail.metrics.metrics.summary.totalScore,,0.9829721216381824,0.9829721216381824,,max
evaluation,eval-task-imaw3z-1784686701,detail.metrics.score,,0.9829721216381824,0.9829721216381824,,max
evaluation,eval-task-imaw3z-1784686701,detail.score,,0.9829721216381823,0.9829721216381823,,max
evaluation,eval-task-imaw3z-1784686701,score,,0.9829721216381823,0.9829721216381823,,max
evaluation,eval-task-imrwas-1784736106,detail.metrics.metrics.summary.r1,,0.15937613700592662,0.15937613700592662,,max
evaluation,eval-task-imrwas-1784736106,detail.metrics.metrics.summary.r2,,0.4282,0.4282,,max
evaluation,eval-task-imrwas-1784736106,detail.metrics.metrics.summary.r3,,0.15873605947955388,0.15873605947955388,,max
evaluation,eval-task-imrwas-1784736106,detail.metrics.metrics.summary.totalScore,,0.9916083637328672,0.9916083637328672,,max
evaluation,eval-task-imrwas-1784736106,detail.metrics.score,,0.9916083637328672,0.9916083637328672,,max
evaluation,eval-task-imrwas-1784736106,detail.score,,0.9916083637328672,0.9916083637328672,,max
evaluation,eval-task-imrwas-1784736106,score,,0.9916083637328672,0.9916083637328672,,max
evaluation,eval-task-it0fct-1784354900,detail.metrics.metrics.summary.r1,,0.15644077726683553,0.15644077726683553,,max
evaluation,eval-task-it0fct-1784354900,detail.metrics.metrics.summary.r2,,0.4636,0.4636,,max
evaluation,eval-task-it0fct-1784354900,detail.metrics.metrics.summary.r3,,0.13903345724907062,0.13903345724907062,,max
evaluation,eval-task-it0fct-1784354900,detail.metrics.metrics.summary.totalScore,,1.0043704017632928,1.0043704017632928,,max
evaluation,eval-task-it0fct-1784354900,detail.metrics.score,,1.0043704017632928,1.0043704017632928,,max
evaluation,eval-task-it0fct-1784354900,detail.score,,1.0043704017632928,1.0043704017632928,,max
evaluation,eval-task-it0fct-1784354900,score,,1.0043704017632928,1.0043704017632928,,max
evaluation,eval-task-j6oq6v-1783661237,detail.metrics.metrics.summary.r1,,0.1067973099921814,0.1067973099921814,,max
evaluation,eval-task-j6oq6v-1783661237,detail.metrics.metrics.summary.r2,,0.4253,0.4253,,max
evaluation,eval-task-j6oq6v-1783661237,detail.metrics.metrics.summary.r3,,0.14237918215613382,0.14237918215613382,,max
evaluation,eval-task-j6oq6v-1783661237,detail.metrics.metrics.summary.totalScore,,0.8891106384897787,0.8891106384897787,,max
evaluation,eval-task-j6oq6v-1783661237,detail.metrics.score,,0.8891106384897787,0.8891106384897787,,max
evaluation,eval-task-j6oq6v-1783661237,detail.score,,0.8891106384897787,0.8891106384897787,,max
evaluation,eval-task-j6oq6v-1783661237,score,,0.8891106384897787,0.8891106384897787,,max
evaluation,eval-task-jnbjjq-1783944993,detail.metrics.metrics.summary.r1,,0.15992181903990155,0.15992181903990155,,max
evaluation,eval-task-jnbjjq-1783944993,detail.metrics.metrics.summary.r2,,0.4333,0.4333,,max
evaluation,eval-task-jnbjjq-1783944993,detail.metrics.metrics.summary.r3,,0.1382899628252788,0.1382899628252788,,max
evaluation,eval-task-jnbjjq-1783944993,detail.metrics.metrics.summary.totalScore,,0.9768079491125672,0.9768079491125672,,max
evaluation,eval-task-jnbjjq-1783944993,detail.metrics.score,,0.9768079491125672,0.9768079491125672,,max
evaluation,eval-task-jnbjjq-1783944993,detail.score,,0.9768079491125671,0.9768079491125671,,max
evaluation,eval-task-jnbjjq-1783944993,score,,0.9768079491125671,0.9768079491125671,,max
evaluation,eval-task-jysa9i-1783486168,detail.metrics.metrics.summary.r1,,0.06673669838425006,0.06673669838425006,,max
evaluation,eval-task-jysa9i-1783486168,detail.metrics.metrics.summary.r2,,0.4378,0.4378,,max
evaluation,eval-task-jysa9i-1783486168,detail.metrics.metrics.summary.r3,,0.1349442379182156,0.1349442379182156,,max
evaluation,eval-task-jysa9i-1783486168,detail.metrics.metrics.summary.totalScore,,0.8234530617380058,0.8234530617380058,,max
evaluation,eval-task-jysa9i-1783486168,detail.metrics.score,,0.8234530617380058,0.8234530617380058,,max
evaluation,eval-task-jysa9i-1783486168,detail.score,,0.8234530617380058,0.8234530617380058,,max
evaluation,eval-task-jysa9i-1783486168,score,,0.8234530617380058,0.8234530617380058,,max
evaluation,eval-task-k1kcdt-1783750536,detail.metrics.metrics.summary.r1,,0.1151869869869448,0.1151869869869448,,max
evaluation,eval-task-k1kcdt-1783750536,detail.metrics.metrics.summary.r2,,0.436,0.436,,max
evaluation,eval-task-k1kcdt-1783750536,detail.metrics.metrics.summary.r3,,0.14721189591078068,0.14721189591078068,,max
evaluation,eval-task-k1kcdt-1783750536,detail.metrics.metrics.summary.totalScore,,0.9130330292391888,0.9130330292391888,,max
evaluation,eval-task-k1kcdt-1783750536,detail.metrics.score,,0.9130330292391888,0.9130330292391888,,max
evaluation,eval-task-k1kcdt-1783750536,detail.score,,0.9130330292391889,0.9130330292391889,,max
evaluation,eval-task-k1kcdt-1783750536,score,,0.9130330292391889,0.9130330292391889,,max
evaluation,eval-task-k8q57p-1783216904,detail.metrics.metrics.summary.r1,,0.11057097231133858,0.11057097231133858,,max
evaluation,eval-task-k8q57p-1783216904,detail.metrics.metrics.summary.r2,,0.41529999999999995,0.41529999999999995,,max
evaluation,eval-task-k8q57p-1783216904,detail.metrics.metrics.summary.r3,,0.13680297397769517,0.13680297397769517,,max
evaluation,eval-task-k8q57p-1783216904,detail.metrics.metrics.summary.totalScore,,0.8773080926304971,0.8773080926304971,,max
evaluation,eval-task-k8q57p-1783216904,detail.metrics.score,,0.8773080926304971,0.8773080926304971,,max
evaluation,eval-task-k8q57p-1783216904,detail.score,,0.8773080926304971,0.8773080926304971,,max
evaluation,eval-task-k8q57p-1783216904,score,,0.8773080926304971,0.8773080926304971,,max
evaluation,eval-task-kb6nyy-1784126461,detail.metrics.metrics.summary.r1,,0.15930247214473872,0.15930247214473872,,max
evaluation,eval-task-kb6nyy-1784126461,detail.metrics.metrics.summary.r2,,0.4427,0.4427,,max
evaluation,eval-task-kb6nyy-1784126461,detail.metrics.metrics.summary.r3,,0.13940520446096655,0.13940520446096655,,max
evaluation,eval-task-kb6nyy-1784126461,detail.metrics.metrics.summary.totalScore,,0.986703843853092,0.986703843853092,,max
evaluation,eval-task-kb6nyy-1784126461,detail.metrics.score,,0.986703843853092,0.986703843853092,,max
evaluation,eval-task-kb6nyy-1784126461,detail.score,,0.9867038438530921,0.9867038438530921,,max
evaluation,eval-task-kb6nyy-1784126461,score,,0.9867038438530921,0.9867038438530921,,max
evaluation,eval-task-kmdq3x-1785303923,detail.metrics.metrics.summary.r1,,0.15669789946796236,0.15669789946796236,,max
evaluation,eval-task-kmdq3x-1785303923,detail.metrics.metrics.summary.r2,,0.4411,0.4411,,max
evaluation,eval-task-kmdq3x-1785303923,detail.metrics.metrics.summary.r3,,0.15724907063197027,0.15724907063197027,,max
evaluation,eval-task-kmdq3x-1785303923,detail.metrics.metrics.summary.totalScore,,1.0003431373473195,1.0003431373473195,,max
evaluation,eval-task-kmdq3x-1785303923,detail.metrics.score,,1.0003431373473195,1.0003431373473195,,max
evaluation,eval-task-kmdq3x-1785303923,detail.score,,1.0003431373473195,1.0003431373473195,,max
evaluation,eval-task-kmdq3x-1785303923,score,,1.0003431373473195,1.0003431373473195,,max
evaluation,eval-task-kr8jrm-1783834695,detail.metrics.metrics.summary.r1,,0.143237926513923,0.143237926513923,,max
evaluation,eval-task-kr8jrm-1783834695,detail.metrics.metrics.summary.r2,,0.4487,0.4487,,max
evaluation,eval-task-kr8jrm-1783834695,detail.metrics.metrics.summary.r3,,0.14275092936802972,0.14275092936802972,,max
evaluation,eval-task-kr8jrm-1783834695,detail.metrics.metrics.summary.totalScore,,0.9186609813174929,0.9186609813174929,,max
evaluation,eval-task-kr8jrm-1783834695,detail.metrics.score,,0.9186609813174929,0.9186609813174929,,max
evaluation,eval-task-kr8jrm-1783834695,detail.score,,0.9186609813174929,0.9186609813174929,,max
evaluation,eval-task-kr8jrm-1783834695,score,,0.9186609813174929,0.9186609813174929,,max
evaluation,eval-task-kxwokc-1783932031,detail.metrics.metrics.summary.r1,,0.15015536038739874,0.15015536038739874,,max
evaluation,eval-task-kxwokc-1783932031,detail.metrics.metrics.summary.r2,,0.4295000000000001,0.4295000000000001,,max
evaluation,eval-task-kxwokc-1783932031,detail.metrics.metrics.summary.r3,,0.13680297397769517,0.13680297397769517,,max
evaluation,eval-task-kxwokc-1783932031,detail.metrics.metrics.summary.totalScore,,0.9617545016124808,0.9617545016124808,,max
evaluation,eval-task-kxwokc-1783932031,detail.metrics.score,,0.9617545016124808,0.9617545016124808,,max
evaluation,eval-task-kxwokc-1783932031,detail.score,,0.9617545016124808,0.9617545016124808,,max
evaluation,eval-task-kxwokc-1783932031,score,,0.9617545016124808,0.9617545016124808,,max
evaluation,eval-task-l0aq8a-1784957860,detail.metrics.metrics.summary.r1,,0.15816646957900918,0.15816646957900918,,max
evaluation,eval-task-l0aq8a-1784957860,detail.metrics.metrics.summary.r2,,0.4412,0.4412,,max
evaluation,eval-task-l0aq8a-1784957860,detail.metrics.metrics.summary.r3,,0.1620817843866171,0.1620817843866171,,max
evaluation,eval-task-l0aq8a-1784957860,detail.metrics.metrics.summary.totalScore,,0.9760824003070896,0.9760824003070896,,max
evaluation,eval-task-l0aq8a-1784957860,detail.metrics.score,,0.9760824003070896,0.9760824003070896,,max
evaluation,eval-task-l0aq8a-1784957860,detail.score,,0.9760824003070897,0.9760824003070897,,max
evaluation,eval-task-l0aq8a-1784957860,score,,0.9760824003070897,0.9760824003070897,,max
evaluation,eval-task-l7qsmw-1784961390,detail.metrics.metrics.summary.r1,,0.13963290502676778,0.13963290502676778,,max
evaluation,eval-task-l7qsmw-1784961390,detail.metrics.metrics.summary.r2,,0.4004,0.4004,,max
evaluation,eval-task-l7qsmw-1784961390,detail.metrics.metrics.summary.r3,,0.1349442379182156,0.1349442379182156,,max
evaluation,eval-task-l7qsmw-1784961390,detail.metrics.metrics.summary.totalScore,,0.8896112892864468,0.8896112892864468,,max
evaluation,eval-task-l7qsmw-1784961390,detail.metrics.score,,0.8896112892864468,0.8896112892864468,,max
evaluation,eval-task-l7qsmw-1784961390,detail.score,,0.8896112892864468,0.8896112892864468,,max
evaluation,eval-task-l7qsmw-1784961390,score,,0.8896112892864468,0.8896112892864468,,max
evaluation,eval-task-lczrur-1783156107,detail.metrics.metrics.summary.r1,,0.11186452025023744,0.11186452025023744,,max
evaluation,eval-task-lczrur-1783156107,detail.metrics.metrics.summary.r2,,0.4023999999999999,0.4023999999999999,,max
evaluation,eval-task-lczrur-1783156107,detail.metrics.metrics.summary.r3,,0.14869888475836432,0.14869888475836432,,max
evaluation,eval-task-lczrur-1783156107,detail.metrics.metrics.summary.totalScore,,0.8775975513500651,0.8775975513500651,,max
evaluation,eval-task-lczrur-1783156107,detail.metrics.score,,0.8775975513500651,0.8775975513500651,,max
evaluation,eval-task-lczrur-1783156107,detail.score,,0.8775975513500651,0.8775975513500651,,max
evaluation,eval-task-lczrur-1783156107,score,,0.8775975513500651,0.8775975513500651,,max
evaluation,eval-task-lfrrhq-1784013605,detail.metrics.metrics.summary.r1,,0.143131151915516,0.143131151915516,,max
evaluation,eval-task-lfrrhq-1784013605,detail.metrics.metrics.summary.r2,,0.4266,0.4266,,max
evaluation,eval-task-lfrrhq-1784013605,detail.metrics.metrics.summary.r3,,0.13680297397769517,0.13680297397769517,,max
evaluation,eval-task-lfrrhq-1784013605,detail.metrics.metrics.summary.totalScore,,0.951830293140598,0.951830293140598,,max
evaluation,eval-task-lfrrhq-1784013605,detail.metrics.score,,0.951830293140598,0.951830293140598,,max
evaluation,eval-task-lfrrhq-1784013605,detail.score,,0.951830293140598,0.951830293140598,,max
evaluation,eval-task-lfrrhq-1784013605,score,,0.951830293140598,0.951830293140598,,max
evaluation,eval-task-lhfyku-1784692591,detail.metrics.metrics.summary.r1,,0.1572821920047545,0.1572821920047545,,max
evaluation,eval-task-lhfyku-1784692591,detail.metrics.metrics.summary.r2,,0.4246,0.4246,,max
evaluation,eval-task-lhfyku-1784692591,detail.metrics.metrics.summary.r3,,0.16171003717472118,0.16171003717472118,,max
evaluation,eval-task-lhfyku-1784692591,detail.metrics.metrics.summary.totalScore,,0.9888883964268624,0.9888883964268624,,max
evaluation,eval-task-lhfyku-1784692591,detail.metrics.score,,0.9888883964268624,0.9888883964268624,,max
evaluation,eval-task-lhfyku-1784692591,detail.score,,0.9888883964268624,0.9888883964268624,,max
evaluation,eval-task-lhfyku-1784692591,score,,0.9888883964268624,0.9888883964268624,,max
evaluation,eval-task-llfijj-1783062127,detail.metrics.metrics.summary.r1,,0.09747476130508084,0.09747476130508084,,max
evaluation,eval-task-llfijj-1783062127,detail.metrics.metrics.summary.r2,,0.4187,0.4187,,max
evaluation,eval-task-llfijj-1783062127,detail.metrics.metrics.summary.r3,,0.1315985130111524,0.1315985130111524,,max
evaluation,eval-task-llfijj-1783062127,detail.metrics.metrics.summary.totalScore,,0.89306944156362,0.89306944156362,,max
evaluation,eval-task-llfijj-1783062127,detail.metrics.score,,0.89306944156362,0.89306944156362,,max
evaluation,eval-task-llfijj-1783062127,detail.score,,0.89306944156362,0.89306944156362,,max
evaluation,eval-task-llfijj-1783062127,score,,0.89306944156362,0.89306944156362,,max
evaluation,eval-task-lsxmev-1784199740,detail.metrics.metrics.summary.r1,,0.15546974960984108,0.15546974960984108,,max
evaluation,eval-task-lsxmev-1784199740,detail.metrics.metrics.summary.r2,,0.4185,0.4185,,max
evaluation,eval-task-lsxmev-1784199740,detail.metrics.metrics.summary.r3,,0.1382899628252788,0.1382899628252788,,max
evaluation,eval-task-lsxmev-1784199740,detail.metrics.metrics.summary.totalScore,,0.98821790058843,0.98821790058843,,max
evaluation,eval-task-lsxmev-1784199740,detail.metrics.score,,0.98821790058843,0.98821790058843,,max
evaluation,eval-task-lsxmev-1784199740,detail.score,,0.98821790058843,0.98821790058843,,max
evaluation,eval-task-lsxmev-1784199740,score,,0.98821790058843,0.98821790058843,,max
evaluation,eval-task-m1phs0-1783427882,detail.metrics.metrics.summary.r1,,0.07948122428056416,0.07948122428056416,,max
evaluation,eval-task-m1phs0-1783427882,detail.metrics.metrics.summary.r2,,0.3911,0.3911,,max
evaluation,eval-task-m1phs0-1783427882,detail.metrics.metrics.summary.r3,,0.13940520446096655,0.13940520446096655,,max
evaluation,eval-task-m1phs0-1783427882,detail.metrics.metrics.summary.totalScore,,0.8246205750829941,0.8246205750829941,,max
evaluation,eval-task-m1phs0-1783427882,detail.metrics.score,,0.8246205750829941,0.8246205750829941,,max
evaluation,eval-task-m1phs0-1783427882,detail.score,,0.8246205750829941,0.8246205750829941,,max
evaluation,eval-task-m1phs0-1783427882,score,,0.8246205750829941,0.8246205750829941,,max
evaluation,eval-task-m25qft-1784194366,detail.metrics.metrics.summary.r1,,0.15683586529743154,0.15683586529743154,,max
evaluation,eval-task-m25qft-1784194366,detail.metrics.metrics.summary.r2,,0.4454,0.4454,,max
evaluation,eval-task-m25qft-1784194366,detail.metrics.metrics.summary.r3,,0.13903345724907062,0.13903345724907062,,max
evaluation,eval-task-m25qft-1784194366,detail.metrics.metrics.summary.totalScore,,0.9865654897938888,0.9865654897938888,,max
evaluation,eval-task-m25qft-1784194366,detail.metrics.score,,0.9865654897938888,0.9865654897938888,,max
evaluation,eval-task-m25qft-1784194366,detail.score,,0.9865654897938889,0.9865654897938889,,max
evaluation,eval-task-m25qft-1784194366,score,,0.9865654897938889,0.9865654897938889,,max
evaluation,eval-task-m54cf4-1785129130,detail.metrics.metrics.summary.r1,,0.15261494833239134,0.15261494833239134,,max
evaluation,eval-task-m54cf4-1785129130,detail.metrics.metrics.summary.r2,,0.441,0.441,,max
evaluation,eval-task-m54cf4-1785129130,detail.metrics.metrics.summary.r3,,0.15204460966542752,0.15204460966542752,,max
evaluation,eval-task-m54cf4-1785129130,detail.metrics.metrics.summary.totalScore,,0.9909557252452056,0.9909557252452056,,max
evaluation,eval-task-m54cf4-1785129130,detail.metrics.score,,0.9909557252452056,0.9909557252452056,,max
evaluation,eval-task-m54cf4-1785129130,detail.score,,0.9909557252452057,0.9909557252452057,,max
evaluation,eval-task-m54cf4-1785129130,score,,0.9909557252452057,0.9909557252452057,,max
evaluation,eval-task-m5cv4y-1784219559,detail.metrics.metrics.summary.r1,,0.16118084083088102,0.16118084083088102,,max
evaluation,eval-task-m5cv4y-1784219559,detail.metrics.metrics.summary.r2,,0.423,0.423,,max
evaluation,eval-task-m5cv4y-1784219559,detail.metrics.metrics.summary.r3,,0.15390334572490705,0.15390334572490705,,max
evaluation,eval-task-m5cv4y-1784219559,detail.metrics.metrics.summary.totalScore,,0.922056311991328,0.922056311991328,,max
evaluation,eval-task-m5cv4y-1784219559,detail.metrics.score,,0.922056311991328,0.922056311991328,,max
evaluation,eval-task-m5cv4y-1784219559,detail.score,,0.9220563119913281,0.9220563119913281,,max
evaluation,eval-task-m5cv4y-1784219559,score,,0.9220563119913281,0.9220563119913281,,max
evaluation,eval-task-mobsyq-1784075348,detail.metrics.metrics.summary.r1,,0.0964736041766319,0.0964736041766319,,max
evaluation,eval-task-mobsyq-1784075348,detail.metrics.metrics.summary.r2,,0.4361999999999999,0.4361999999999999,,max
evaluation,eval-task-mobsyq-1784075348,detail.metrics.metrics.summary.r3,,0.1527881040892193,0.1527881040892193,,max
evaluation,eval-task-mobsyq-1784075348,detail.metrics.metrics.summary.totalScore,,0.8694338337013912,0.8694338337013912,,max
evaluation,eval-task-mobsyq-1784075348,detail.metrics.score,,0.8694338337013912,0.8694338337013912,,max
evaluation,eval-task-mobsyq-1784075348,detail.score,,0.8694338337013912,0.8694338337013912,,max
evaluation,eval-task-mobsyq-1784075348,score,,0.8694338337013912,0.8694338337013912,,max
evaluation,eval-task-mszeya-1785003130,detail.metrics.metrics.summary.r1,,0.15829992482268118,0.15829992482268118,,max
evaluation,eval-task-mszeya-1785003130,detail.metrics.metrics.summary.r2,,0.4596,0.4596,,max
evaluation,eval-task-mszeya-1785003130,detail.metrics.metrics.summary.r3,,0.158364312267658,0.158364312267658,,max
evaluation,eval-task-mszeya-1785003130,detail.metrics.metrics.summary.totalScore,,1.021560404337726,1.021560404337726,,max
evaluation,eval-task-mszeya-1785003130,detail.metrics.score,,1.021560404337726,1.021560404337726,,max
evaluation,eval-task-mszeya-1785003130,detail.score,,1.021560404337726,1.021560404337726,,max
evaluation,eval-task-mszeya-1785003130,score,,1.021560404337726,1.021560404337726,,max
evaluation,eval-task-mvtb79-1782883521,detail.metrics.metrics.summary.r1,,0.07537679073558366,0.07537679073558366,,max
evaluation,eval-task-mvtb79-1782883521,detail.metrics.metrics.summary.r2,,0.4131,0.4131,,max
evaluation,eval-task-mvtb79-1782883521,detail.metrics.metrics.summary.r3,,0.137546468401487,0.137546468401487,,max
evaluation,eval-task-mvtb79-1782883521,detail.metrics.metrics.summary.totalScore,,0.8099953845726107,0.8099953845726107,,max
evaluation,eval-task-mvtb79-1782883521,detail.metrics.score,,0.8099953845726107,0.8099953845726107,,max
evaluation,eval-task-mvtb79-1782883521,detail.score,,0.8099953845726107,0.8099953845726107,,max
evaluation,eval-task-mvtb79-1782883521,score,,0.8099953845726107,0.8099953845726107,,max
evaluation,eval-task-np2en6-1783501903,detail.metrics.metrics.summary.r1,,0.10722232503181368,0.10722232503181368,,max
evaluation,eval-task-np2en6-1783501903,detail.metrics.metrics.summary.r2,,0.3321,0.3321,,max
evaluation,eval-task-np2en6-1783501903,detail.metrics.metrics.summary.r3,,0.14089219330855018,0.14089219330855018,,max
evaluation,eval-task-np2en6-1783501903,detail.metrics.metrics.summary.totalScore,,0.7948486646818274,0.7948486646818274,,max
evaluation,eval-task-np2en6-1783501903,detail.metrics.score,,0.7948486646818274,0.7948486646818274,,max
evaluation,eval-task-np2en6-1783501903,detail.score,,0.7948486646818274,0.7948486646818274,,max
evaluation,eval-task-np2en6-1783501903,score,,0.7948486646818274,0.7948486646818274,,max
evaluation,eval-task-o1lvb2-1784884615,detail.metrics.metrics.summary.r1,,0.1604405223098444,0.1604405223098444,,max
evaluation,eval-task-o1lvb2-1784884615,detail.metrics.metrics.summary.r2,,0.4220999999999999,0.4220999999999999,,max
evaluation,eval-task-o1lvb2-1784884615,detail.metrics.metrics.summary.r3,,0.15947955390334573,0.15947955390334573,,max
evaluation,eval-task-o1lvb2-1784884615,detail.metrics.metrics.summary.totalScore,,0.9873162434605768,0.9873162434605768,,max
evaluation,eval-task-o1lvb2-1784884615,detail.metrics.score,,0.9873162434605768,0.9873162434605768,,max
evaluation,eval-task-o1lvb2-1784884615,detail.score,,0.9873162434605769,0.9873162434605769,,max
evaluation,eval-task-o1lvb2-1784884615,score,,0.9873162434605769,0.9873162434605769,,max
evaluation,eval-task-obyyoa-1784296905,detail.metrics.metrics.summary.r1,,0.15519128166052767,0.15519128166052767,,max
evaluation,eval-task-obyyoa-1784296905,detail.metrics.metrics.summary.r2,,0.4522,0.4522,,max
evaluation,eval-task-obyyoa-1784296905,detail.metrics.metrics.summary.r3,,0.13977695167286244,0.13977695167286244,,max
evaluation,eval-task-obyyoa-1784296905,detail.metrics.metrics.summary.totalScore,,0.9924644005807768,0.9924644005807768,,max
evaluation,eval-task-obyyoa-1784296905,detail.metrics.score,,0.9924644005807768,0.9924644005807768,,max
evaluation,eval-task-obyyoa-1784296905,detail.score,,0.9924644005807769,0.9924644005807769,,max
evaluation,eval-task-obyyoa-1784296905,score,,0.9924644005807769,0.9924644005807769,,max
evaluation,eval-task-oi2lss-1783397649,detail.metrics.metrics.summary.r1,,0.10473174071506104,0.10473174071506104,,max
evaluation,eval-task-oi2lss-1783397649,detail.metrics.metrics.summary.r2,,0.4196,0.4196,,max
evaluation,eval-task-oi2lss-1783397649,detail.metrics.metrics.summary.r3,,0.1453531598513011,0.1453531598513011,,max
evaluation,eval-task-oi2lss-1783397649,detail.metrics.metrics.summary.totalScore,,0.8843190469078255,0.8843190469078255,,max
evaluation,eval-task-oi2lss-1783397649,detail.metrics.score,,0.8843190469078255,0.8843190469078255,,max
evaluation,eval-task-oi2lss-1783397649,detail.score,,0.8843190469078255,0.8843190469078255,,max
evaluation,eval-task-oi2lss-1783397649,score,,0.8843190469078255,0.8843190469078255,,max
evaluation,eval-task-ol0sje-1784615810,detail.metrics.metrics.summary.r1,,0.16244339549754108,0.16244339549754108,,max
evaluation,eval-task-ol0sje-1784615810,detail.metrics.metrics.summary.r2,,0.4573999999999999,0.4573999999999999,,max
evaluation,eval-task-ol0sje-1784615810,detail.metrics.metrics.summary.r3,,0.16022304832713757,0.16022304832713757,,max
evaluation,eval-task-ol0sje-1784615810,detail.metrics.metrics.summary.totalScore,,1.0253626110720653,1.0253626110720653,,max
evaluation,eval-task-ol0sje-1784615810,detail.metrics.score,,1.0253626110720653,1.0253626110720653,,max
evaluation,eval-task-ol0sje-1784615810,detail.score,,1.0253626110720653,1.0253626110720653,,max
evaluation,eval-task-ol0sje-1784615810,score,,1.0253626110720653,1.0253626110720653,,max
evaluation,eval-task-olteal-1784217662,detail.metrics.metrics.summary.r1,,0.15640019991290577,0.15640019991290577,,max
evaluation,eval-task-olteal-1784217662,detail.metrics.metrics.summary.r2,,0.4645,0.4645,,max
evaluation,eval-task-olteal-1784217662,detail.metrics.metrics.summary.r3,,0.137546468401487,0.137546468401487,,max
evaluation,eval-task-olteal-1784217662,detail.metrics.metrics.summary.totalScore,,1.0037428355617797,1.0037428355617797,,max
evaluation,eval-task-olteal-1784217662,detail.metrics.score,,1.0037428355617797,1.0037428355617797,,max
evaluation,eval-task-olteal-1784217662,detail.score,,1.0037428355617795,1.0037428355617795,,max
evaluation,eval-task-olteal-1784217662,score,,1.0037428355617795,1.0037428355617795,,max
evaluation,eval-task-oly7ho-1785035682,detail.metrics.metrics.summary.r1,,0.0,0.0,,max
evaluation,eval-task-oly7ho-1785035682,detail.metrics.metrics.summary.r2,,0.3652,0.3652,,max
evaluation,eval-task-oly7ho-1785035682,detail.metrics.metrics.summary.r3,,0.14572490706319702,0.14572490706319702,,max
evaluation,eval-task-oly7ho-1785035682,detail.metrics.metrics.summary.totalScore,,0.6642350115928137,0.6642350115928137,,max
evaluation,eval-task-oly7ho-1785035682,detail.metrics.score,,0.6642350115928137,0.6642350115928137,,max
evaluation,eval-task-oly7ho-1785035682,detail.score,,0.6642350115928137,0.6642350115928137,,max
evaluation,eval-task-oly7ho-1785035682,score,,0.6642350115928137,0.6642350115928137,,max
evaluation,eval-task-omfbp7-1785134942,detail.metrics.metrics.summary.r1,,0.1598299270786332,0.1598299270786332,,max
evaluation,eval-task-omfbp7-1785134942,detail.metrics.metrics.summary.r2,,0.42589999999999995,0.42589999999999995,,max
evaluation,eval-task-omfbp7-1785134942,detail.metrics.metrics.summary.r3,,0.16245353159851303,0.16245353159851303,,max
evaluation,eval-task-omfbp7-1785134942,detail.metrics.metrics.summary.totalScore,,0.993479625924533,0.993479625924533,,max
evaluation,eval-task-omfbp7-1785134942,detail.metrics.score,,0.993479625924533,0.993479625924533,,max
evaluation,eval-task-omfbp7-1785134942,detail.score,,0.993479625924533,0.993479625924533,,max
evaluation,eval-task-omfbp7-1785134942,score,,0.993479625924533,0.993479625924533,,max
evaluation,eval-task-p4ekxd-1785389025,detail.metrics.metrics.summary.r1,,0.160127779903079,0.160127779903079,,max
evaluation,eval-task-p4ekxd-1785389025,detail.metrics.metrics.summary.r2,,0.4346999999999999,0.4346999999999999,,max
evaluation,eval-task-p4ekxd-1785389025,detail.metrics.metrics.summary.r3,,0.15799256505576206,0.15799256505576206,,max
evaluation,eval-task-p4ekxd-1785389025,detail.metrics.metrics.summary.totalScore,,0.9981165122062278,0.9981165122062278,,max
evaluation,eval-task-p4ekxd-1785389025,detail.metrics.score,,0.9981165122062278,0.9981165122062278,,max
evaluation,eval-task-p4ekxd-1785389025,detail.score,,0.9981165122062278,0.9981165122062278,,max
evaluation,eval-task-p4ekxd-1785389025,score,,0.9981165122062278,0.9981165122062278,,max
evaluation,eval-task-pmqcjw-1784634890,detail.metrics.metrics.summary.r1,,0.1598281764317123,0.1598281764317123,,max
evaluation,eval-task-pmqcjw-1784634890,detail.metrics.metrics.summary.r2,,0.4369,0.4369,,max
evaluation,eval-task-pmqcjw-1784634890,detail.metrics.metrics.summary.r3,,0.16022304832713757,0.16022304832713757,,max
evaluation,eval-task-pmqcjw-1784634890,detail.metrics.metrics.summary.totalScore,,1.0022473920062367,1.0022473920062367,,max
evaluation,eval-task-pmqcjw-1784634890,detail.metrics.score,,1.0022473920062367,1.0022473920062367,,max
evaluation,eval-task-pmqcjw-1784634890,detail.score,,1.0022473920062367,1.0022473920062367,,max
evaluation,eval-task-pmqcjw-1784634890,score,,1.0022473920062367,1.0022473920062367,,max
evaluation,eval-task-pu2f47-1783306721,detail.metrics.metrics.summary.r1,,0.10109061925125463,0.10109061925125463,,max
evaluation,eval-task-pu2f47-1783306721,detail.metrics.metrics.summary.r2,,0.4308999999999999,0.4308999999999999,,max
evaluation,eval-task-pu2f47-1783306721,detail.metrics.metrics.summary.r3,,0.1308550185873606,0.1308550185873606,,max
evaluation,eval-task-pu2f47-1783306721,detail.metrics.metrics.summary.totalScore,,0.908141805086002,0.908141805086002,,max
evaluation,eval-task-pu2f47-1783306721,detail.metrics.score,,0.908141805086002,0.908141805086002,,max
evaluation,eval-task-pu2f47-1783306721,detail.score,,0.908141805086002,0.908141805086002,,max
evaluation,eval-task-pu2f47-1783306721,score,,0.908141805086002,0.908141805086002,,max
evaluation,eval-task-qa4f8w-1784530136,detail.metrics.metrics.summary.r1,,0.13778559035983207,0.13778559035983207,,max
evaluation,eval-task-qa4f8w-1784530136,detail.metrics.metrics.summary.r2,,0.4199,0.4199,,max
evaluation,eval-task-qa4f8w-1784530136,detail.metrics.metrics.summary.r3,,0.15315985130111523,0.15315985130111523,,max
evaluation,eval-task-qa4f8w-1784530136,detail.metrics.metrics.summary.totalScore,,0.956141608908334,0.956141608908334,,max
evaluation,eval-task-qa4f8w-1784530136,detail.metrics.score,,0.956141608908334,0.956141608908334,,max
evaluation,eval-task-qa4f8w-1784530136,detail.score,,0.9561416089083341,0.9561416089083341,,max
evaluation,eval-task-qa4f8w-1784530136,score,,0.9561416089083341,0.9561416089083341,,max
evaluation,eval-task-qmlx3b-1783008835,detail.metrics.metrics.summary.r1,,0.09704722026187491,0.09704722026187491,,max
evaluation,eval-task-qmlx3b-1783008835,detail.metrics.metrics.summary.r2,,0.419,0.419,,max
evaluation,eval-task-qmlx3b-1783008835,detail.metrics.metrics.summary.r3,,0.13048327137546467,0.13048327137546467,,max
evaluation,eval-task-qmlx3b-1783008835,detail.metrics.metrics.summary.totalScore,,0.7691785752610331,0.7691785752610331,,max
evaluation,eval-task-qmlx3b-1783008835,detail.metrics.score,,0.7691785752610331,0.7691785752610331,,max
evaluation,eval-task-qmlx3b-1783008835,detail.score,,0.7691785752610331,0.7691785752610331,,max
evaluation,eval-task-qmlx3b-1783008835,score,,0.7691785752610331,0.7691785752610331,,max
evaluation,eval-task-rgxb5t-1782978011,detail.metrics.metrics.summary.r1,,0.02105696100249615,0.02105696100249615,,max
evaluation,eval-task-rgxb5t-1782978011,detail.metrics.metrics.summary.r2,,0.416,0.416,,max
evaluation,eval-task-rgxb5t-1782978011,detail.metrics.metrics.summary.r3,,0.12899628252788103,0.12899628252788103,,max
evaluation,eval-task-rgxb5t-1782978011,detail.metrics.metrics.summary.totalScore,,0.7806873898718406,0.7806873898718406,,max
evaluation,eval-task-rgxb5t-1782978011,detail.metrics.score,,0.7806873898718406,0.7806873898718406,,max
evaluation,eval-task-rgxb5t-1782978011,detail.score,,0.7806873898718406,0.7806873898718406,,max
evaluation,eval-task-rgxb5t-1782978011,score,,0.7806873898718406,0.7806873898718406,,max
evaluation,eval-task-rhsbz7-1784782592,detail.metrics.metrics.summary.r1,,0.159313047143669,0.159313047143669,,max
evaluation,eval-task-rhsbz7-1784782592,detail.metrics.metrics.summary.r2,,0.4146,0.4146,,max
evaluation,eval-task-rhsbz7-1784782592,detail.metrics.metrics.summary.r3,,0.14646840148698884,0.14646840148698884,,max
evaluation,eval-task-rhsbz7-1784782592,detail.metrics.metrics.summary.totalScore,,0.9656776158780446,0.9656776158780446,,max
evaluation,eval-task-rhsbz7-1784782592,detail.metrics.score,,0.9656776158780446,0.9656776158780446,,max
evaluation,eval-task-rhsbz7-1784782592,detail.score,,0.9656776158780446,0.9656776158780446,,max
evaluation,eval-task-rhsbz7-1784782592,score,,0.9656776158780446,0.9656776158780446,,max
evaluation,eval-task-scclii-1785388675,detail.metrics.metrics.summary.r1,,0.15959052606605137,0.15959052606605137,,max
evaluation,eval-task-scclii-1785388675,detail.metrics.metrics.summary.r2,,0.4336,0.4336,,max
evaluation,eval-task-scclii-1785388675,detail.metrics.metrics.summary.r3,,0.16022304832713757,0.16022304832713757,,max
evaluation,eval-task-scclii-1785388675,detail.metrics.metrics.summary.totalScore,,0.9987097416405756,0.9987097416405756,,max
evaluation,eval-task-scclii-1785388675,detail.metrics.score,,0.9987097416405756,0.9987097416405756,,max
evaluation,eval-task-scclii-1785388675,detail.score,,0.9987097416405757,0.9987097416405757,,max
evaluation,eval-task-scclii-1785388675,score,,0.9987097416405757,0.9987097416405757,,max
evaluation,eval-task-smlftk-1784273025,detail.metrics.metrics.summary.r1,,0.16122049956297446,0.16122049956297446,,max
evaluation,eval-task-smlftk-1784273025,detail.metrics.metrics.summary.r2,,0.4296,0.4296,,max
evaluation,eval-task-smlftk-1784273025,detail.metrics.metrics.summary.r3,,0.14089219330855018,0.14089219330855018,,max
evaluation,eval-task-smlftk-1784273025,detail.metrics.metrics.summary.totalScore,,0.946346839212988,0.946346839212988,,max
evaluation,eval-task-smlftk-1784273025,detail.metrics.score,,0.946346839212988,0.946346839212988,,max
evaluation,eval-task-smlftk-1784273025,detail.score,,0.9463468392129881,0.9463468392129881,,max
evaluation,eval-task-smlftk-1784273025,score,,0.9463468392129881,0.9463468392129881,,max
evaluation,eval-task-stprws-1784272038,detail.metrics.metrics.summary.r1,,0.15665754430783632,0.15665754430783632,,max
evaluation,eval-task-stprws-1784272038,detail.metrics.metrics.summary.r2,,0.4631,0.4631,,max
evaluation,eval-task-stprws-1784272038,detail.metrics.metrics.summary.r3,,0.13977695167286244,0.13977695167286244,,max
evaluation,eval-task-stprws-1784272038,detail.metrics.metrics.summary.totalScore,,1.0048306632280857,1.0048306632280857,,max
evaluation,eval-task-stprws-1784272038,detail.metrics.score,,1.0048306632280857,1.0048306632280857,,max
evaluation,eval-task-stprws-1784272038,detail.score,,1.0048306632280855,1.0048306632280855,,max
evaluation,eval-task-stprws-1784272038,score,,1.0048306632280855,1.0048306632280855,,max
evaluation,eval-task-t21up2-1784991844,detail.metrics.metrics.summary.r1,,0.15527686423738915,0.15527686423738915,,max
evaluation,eval-task-t21up2-1784991844,detail.metrics.metrics.summary.r2,,0.4694,0.4694,,max
evaluation,eval-task-t21up2-1784991844,detail.metrics.metrics.summary.r3,,0.16022304832713757,0.16022304832713757,,max
evaluation,eval-task-t21up2-1784991844,detail.metrics.metrics.summary.totalScore,,1.0301960798119136,1.0301960798119136,,max
evaluation,eval-task-t21up2-1784991844,detail.metrics.score,,1.0301960798119136,1.0301960798119136,,max
evaluation,eval-task-t21up2-1784991844,detail.score,,1.0301960798119136,1.0301960798119136,,max
evaluation,eval-task-t21up2-1784991844,score,,1.0301960798119136,1.0301960798119136,,max
evaluation,eval-task-t51r8o-1784169855,detail.metrics.metrics.summary.r1,,0.14819749324185297,0.14819749324185297,,max
evaluation,eval-task-t51r8o-1784169855,detail.metrics.metrics.summary.r2,,0.4287,0.4287,,max
evaluation,eval-task-t51r8o-1784169855,detail.metrics.metrics.summary.r3,,0.13866171003717473,0.13866171003717473,,max
evaluation,eval-task-t51r8o-1784169855,detail.metrics.metrics.summary.totalScore,,0.991517391432338,0.991517391432338,,max
evaluation,eval-task-t51r8o-1784169855,detail.metrics.score,,0.991517391432338,0.991517391432338,,max
evaluation,eval-task-t51r8o-1784169855,detail.score,,0.9915173914323379,0.9915173914323379,,max
evaluation,eval-task-t51r8o-1784169855,score,,0.9915173914323379,0.9915173914323379,,max
evaluation,eval-task-ta9hh9-1784874106,detail.metrics.metrics.summary.r1,,0.14992543887716953,0.14992543887716953,,max
evaluation,eval-task-ta9hh9-1784874106,detail.metrics.metrics.summary.r2,,0.3943,0.3943,,max
evaluation,eval-task-ta9hh9-1784874106,detail.metrics.metrics.summary.r3,,0.141635687732342,0.141635687732342,,max
evaluation,eval-task-ta9hh9-1784874106,detail.metrics.metrics.summary.totalScore,,0.9311572938568984,0.9311572938568984,,max
evaluation,eval-task-ta9hh9-1784874106,detail.metrics.score,,0.9311572938568984,0.9311572938568984,,max
evaluation,eval-task-ta9hh9-1784874106,detail.score,,0.9311572938568984,0.9311572938568984,,max
evaluation,eval-task-ta9hh9-1784874106,score,,0.9311572938568984,0.9311572938568984,,max
evaluation,eval-task-tsds2d-1784716301,detail.metrics.metrics.summary.r1,,0.14006787227285325,0.14006787227285325,,max
evaluation,eval-task-tsds2d-1784716301,detail.metrics.metrics.summary.r2,,0.4413,0.4413,,max
evaluation,eval-task-tsds2d-1784716301,detail.metrics.metrics.summary.r3,,0.15985130111524162,0.15985130111524162,,max
evaluation,eval-task-tsds2d-1784716301,detail.metrics.metrics.summary.totalScore,,0.9865153406354816,0.9865153406354816,,max
evaluation,eval-task-tsds2d-1784716301,detail.metrics.score,,0.9865153406354816,0.9865153406354816,,max
evaluation,eval-task-tsds2d-1784716301,detail.score,,0.9865153406354816,0.9865153406354816,,max
evaluation,eval-task-tsds2d-1784716301,score,,0.9865153406354816,0.9865153406354816,,max
evaluation,eval-task-uk1z7b-1784650311,detail.metrics.metrics.summary.r1,,0.15614113608096236,0.15614113608096236,,max
evaluation,eval-task-uk1z7b-1784650311,detail.metrics.metrics.summary.r2,,0.4602,0.4602,,max
evaluation,eval-task-uk1z7b-1784650311,detail.metrics.metrics.summary.r3,,0.13903345724907062,0.13903345724907062,,max
evaluation,eval-task-uk1z7b-1784650311,detail.metrics.metrics.summary.totalScore,,1.0006707605774197,1.0006707605774197,,max
evaluation,eval-task-uk1z7b-1784650311,detail.metrics.score,,1.0006707605774197,1.0006707605774197,,max
evaluation,eval-task-uk1z7b-1784650311,detail.score,,1.0006707605774197,1.0006707605774197,,max
evaluation,eval-task-uk1z7b-1784650311,score,,1.0006707605774197,1.0006707605774197,,max
evaluation,eval-task-uvjoc1-1785219954,detail.metrics.metrics.summary.r1,,0.15826584171682026,0.15826584171682026,,max
evaluation,eval-task-uvjoc1-1785219954,detail.metrics.metrics.summary.r2,,0.4498,0.4498,,max
evaluation,eval-task-uvjoc1-1785219954,detail.metrics.metrics.summary.r3,,0.15762081784386614,0.15762081784386614,,max
evaluation,eval-task-uvjoc1-1785219954,detail.metrics.metrics.summary.totalScore,,1.0109828268080732,1.0109828268080732,,max
evaluation,eval-task-uvjoc1-1785219954,detail.metrics.score,,1.0109828268080732,1.0109828268080732,,max
evaluation,eval-task-uvjoc1-1785219954,detail.score,,1.0109828268080732,1.0109828268080732,,max
evaluation,eval-task-uvjoc1-1785219954,score,,1.0109828268080732,1.0109828268080732,,max
evaluation,eval-task-vj60hw-1785309385,detail.metrics.metrics.summary.r1,,0.15580510018296337,0.15580510018296337,,max
evaluation,eval-task-vj60hw-1785309385,detail.metrics.metrics.summary.r2,,0.4313,0.4313,,max
evaluation,eval-task-vj60hw-1785309385,detail.metrics.metrics.summary.r3,,0.15985130111524162,0.15985130111524162,,max
evaluation,eval-task-vj60hw-1785309385,detail.metrics.metrics.summary.totalScore,,0.9922525685455916,0.9922525685455916,,max
evaluation,eval-task-vj60hw-1785309385,detail.metrics.score,,0.9922525685455916,0.9922525685455916,,max
evaluation,eval-task-vj60hw-1785309385,detail.score,,0.9922525685455917,0.9922525685455917,,max
evaluation,eval-task-vj60hw-1785309385,score,,0.9922525685455917,0.9922525685455917,,max
evaluation,eval-task-vjt6ba-1784544584,detail.metrics.metrics.summary.r1,,0.16182534764378556,0.16182534764378556,,max
evaluation,eval-task-vjt6ba-1784544584,detail.metrics.metrics.summary.r2,,0.4024,0.4024,,max
evaluation,eval-task-vjt6ba-1784544584,detail.metrics.metrics.summary.r3,,0.06394052044609665,0.06394052044609665,,max
evaluation,eval-task-vjt6ba-1784544584,detail.metrics.metrics.summary.totalScore,,0.7508139517135756,0.7508139517135756,,max
evaluation,eval-task-vjt6ba-1784544584,detail.metrics.score,,0.7508139517135756,0.7508139517135756,,max
evaluation,eval-task-vjt6ba-1784544584,detail.score,,0.7508139517135756,0.7508139517135756,,max
evaluation,eval-task-vjt6ba-1784544584,score,,0.7508139517135756,0.7508139517135756,,max
evaluation,eval-task-vo2hjc-1783479803,detail.metrics.metrics.summary.r1,,0.108586439383923,0.108586439383923,,max
evaluation,eval-task-vo2hjc-1783479803,detail.metrics.metrics.summary.r2,,0.3841,0.3841,,max
evaluation,eval-task-vo2hjc-1783479803,detail.metrics.metrics.summary.r3,,0.14237918215613382,0.14237918215613382,,max
evaluation,eval-task-vo2hjc-1783479803,detail.metrics.metrics.summary.totalScore,,0.8496997678815202,0.8496997678815202,,max
evaluation,eval-task-vo2hjc-1783479803,detail.metrics.score,,0.8496997678815202,0.8496997678815202,,max
evaluation,eval-task-vo2hjc-1783479803,detail.score,,0.8496997678815202,0.8496997678815202,,max
evaluation,eval-task-vo2hjc-1783479803,score,,0.8496997678815202,0.8496997678815202,,max
evaluation,eval-task-wr6v4y-1784437512,detail.metrics.metrics.summary.r1,,0.16117814005654596,0.16117814005654596,,max
evaluation,eval-task-wr6v4y-1784437512,detail.metrics.metrics.summary.r2,,0.42540000000000006,0.42540000000000006,,max
evaluation,eval-task-wr6v4y-1784437512,detail.metrics.metrics.summary.r3,,0.158364312267658,0.158364312267658,,max
evaluation,eval-task-wr6v4y-1784437512,detail.metrics.metrics.summary.totalScore,,0.9902386195715908,0.9902386195715908,,max
evaluation,eval-task-wr6v4y-1784437512,detail.metrics.score,,0.9902386195715908,0.9902386195715908,,max
evaluation,eval-task-wr6v4y-1784437512,detail.score,,0.9902386195715908,0.9902386195715908,,max
evaluation,eval-task-wr6v4y-1784437512,score,,0.9902386195715908,0.9902386195715908,,max
evaluation,eval-task-x7h1g2-1784953058,detail.metrics.metrics.summary.r1,,0.15784216107674348,0.15784216107674348,,max
evaluation,eval-task-x7h1g2-1784953058,detail.metrics.metrics.summary.r2,,0.4418,0.4418,,max
evaluation,eval-task-x7h1g2-1784953058,detail.metrics.metrics.summary.r3,,0.15985130111524162,0.15985130111524162,,max
evaluation,eval-task-x7h1g2-1784953058,detail.metrics.metrics.summary.totalScore,,1.004789629439372,1.004789629439372,,max
evaluation,eval-task-x7h1g2-1784953058,detail.metrics.score,,1.004789629439372,1.004789629439372,,max
evaluation,eval-task-x7h1g2-1784953058,detail.score,,1.004789629439372,1.004789629439372,,max
evaluation,eval-task-x7h1g2-1784953058,score,,1.004789629439372,1.004789629439372,,max
evaluation,eval-task-xv9m1h-1784006857,detail.metrics.metrics.summary.r1,,0.15730485580365727,0.15730485580365727,,max
evaluation,eval-task-xv9m1h-1784006857,detail.metrics.metrics.summary.r2,,0.4361,0.4361,,max
evaluation,eval-task-xv9m1h-1784006857,detail.metrics.metrics.summary.r3,,0.137546468401487,0.137546468401487,,max
evaluation,eval-task-xv9m1h-1784006857,detail.metrics.metrics.summary.totalScore,,0.976247491452531,0.976247491452531,,max
evaluation,eval-task-xv9m1h-1784006857,detail.metrics.score,,0.976247491452531,0.976247491452531,,max
evaluation,eval-task-xv9m1h-1784006857,detail.score,,0.976247491452531,0.976247491452531,,max
evaluation,eval-task-xv9m1h-1784006857,score,,0.976247491452531,0.976247491452531,,max
evaluation,eval-task-y2934f-1785033451,detail.metrics.metrics.summary.r1,,0.16747319929555565,0.16747319929555565,,max
evaluation,eval-task-y2934f-1785033451,detail.metrics.metrics.summary.r2,,0.3933,0.3933,,max
evaluation,eval-task-y2934f-1785033451,detail.metrics.metrics.summary.r3,,0.13643122676579925,0.13643122676579925,,max
evaluation,eval-task-y2934f-1785033451,detail.metrics.metrics.summary.totalScore,,0.8198525096850483,0.8198525096850483,,max
evaluation,eval-task-y2934f-1785033451,detail.metrics.score,,0.8198525096850483,0.8198525096850483,,max
evaluation,eval-task-y2934f-1785033451,detail.score,,0.8198525096850483,0.8198525096850483,,max
evaluation,eval-task-y2934f-1785033451,score,,0.8198525096850483,0.8198525096850483,,max
evaluation,eval-task-y7crot-1785090366,detail.metrics.metrics.summary.r1,,0.15968300320132056,0.15968300320132056,,max
evaluation,eval-task-y7crot-1785090366,detail.metrics.metrics.summary.r2,,0.4119,0.4119,,max
evaluation,eval-task-y7crot-1785090366,detail.metrics.metrics.summary.r3,,0.15724907063197027,0.15724907063197027,,max
evaluation,eval-task-y7crot-1785090366,detail.metrics.metrics.summary.totalScore,,0.9741282410806776,0.9741282410806776,,max
evaluation,eval-task-y7crot-1785090366,detail.metrics.score,,0.9741282410806776,0.9741282410806776,,max
evaluation,eval-task-y7crot-1785090366,detail.score,,0.9741282410806776,0.9741282410806776,,max
evaluation,eval-task-y7crot-1785090366,score,,0.9741282410806776,0.9741282410806776,,max
evaluation,eval-task-yj0yko-1783260543,detail.metrics.metrics.summary.r1,,0.12368324489048192,0.12368324489048192,,max
evaluation,eval-task-yj0yko-1783260543,detail.metrics.metrics.summary.r2,,0.406,0.406,,max
evaluation,eval-task-yj0yko-1783260543,detail.metrics.metrics.summary.r3,,0.14349442379182156,0.14349442379182156,,max
evaluation,eval-task-yj0yko-1783260543,detail.metrics.metrics.summary.totalScore,,0.8264877732119202,0.8264877732119202,,max
evaluation,eval-task-yj0yko-1783260543,detail.metrics.score,,0.8264877732119202,0.8264877732119202,,max
evaluation,eval-task-yj0yko-1783260543,detail.score,,0.8264877732119202,0.8264877732119202,,max
evaluation,eval-task-yj0yko-1783260543,score,,0.8264877732119202,0.8264877732119202,,max
evaluation,eval-task-yz5g9l-1784425216,detail.metrics.metrics.summary.r1,,0.15631963961703269,0.15631963961703269,,max
evaluation,eval-task-yz5g9l-1784425216,detail.metrics.metrics.summary.r2,,0.4585999999999999,0.4585999999999999,,max
evaluation,eval-task-yz5g9l-1784425216,detail.metrics.metrics.summary.r3,,0.13680297397769517,0.13680297397769517,,max
evaluation,eval-task-yz5g9l-1784425216,detail.metrics.metrics.summary.totalScore,,0.9663567599361912,0.9663567599361912,,max
evaluation,eval-task-yz5g9l-1784425216,detail.metrics.score,,0.9663567599361912,0.9663567599361912,,max
evaluation,eval-task-yz5g9l-1784425216,detail.score,,0.9663567599361913,0.9663567599361913,,max
evaluation,eval-task-yz5g9l-1784425216,score,,0.9663567599361913,0.9663567599361913,,max
evaluation,eval-task-yzhodd-1783237380,detail.metrics.metrics.summary.r1,,0.12303468528348303,0.12303468528348303,,max
evaluation,eval-task-yzhodd-1783237380,detail.metrics.metrics.summary.r2,,0.3793,0.3793,,max
evaluation,eval-task-yzhodd-1783237380,detail.metrics.metrics.summary.r3,,0.14386617100371746,0.14386617100371746,,max
evaluation,eval-task-yzhodd-1783237380,detail.metrics.metrics.summary.totalScore,,0.860835002628664,0.860835002628664,,max
evaluation,eval-task-yzhodd-1783237380,detail.metrics.score,,0.860835002628664,0.860835002628664,,max
evaluation,eval-task-yzhodd-1783237380,detail.score,,0.860835002628664,0.860835002628664,,max
evaluation,eval-task-yzhodd-1783237380,score,,0.860835002628664,0.860835002628664,,max
evaluation,eval-task-z9g12b-1784392471,detail.metrics.metrics.summary.r1,,0.15644077726683553,0.15644077726683553,,max
evaluation,eval-task-z9g12b-1784392471,detail.metrics.metrics.summary.r2,,0.44109999999999994,0.44109999999999994,,max
evaluation,eval-task-z9g12b-1784392471,detail.metrics.metrics.summary.r3,,0.14014869888475837,0.14014869888475837,,max
evaluation,eval-task-z9g12b-1784392471,detail.metrics.metrics.summary.totalScore,,0.9829856433989806,0.9829856433989806,,max
evaluation,eval-task-z9g12b-1784392471,detail.metrics.score,,0.9829856433989806,0.9829856433989806,,max
evaluation,eval-task-z9g12b-1784392471,detail.score,,0.9829856433989806,0.9829856433989806,,max
evaluation,eval-task-z9g12b-1784392471,score,,0.9829856433989806,0.9829856433989806,,max
evaluation,eval-task-zcb312-1783125657,detail.metrics.metrics.summary.r1,,0.11769947350375878,0.11769947350375878,,max
evaluation,eval-task-zcb312-1783125657,detail.metrics.metrics.summary.r2,,0.4002,0.4002,,max
evaluation,eval-task-zcb312-1783125657,detail.metrics.metrics.summary.r3,,0.14349442379182156,0.14349442379182156,,max
evaluation,eval-task-zcb312-1783125657,detail.metrics.metrics.summary.totalScore,,0.8453660227311204,0.8453660227311204,,max
evaluation,eval-task-zcb312-1783125657,detail.metrics.score,,0.8453660227311204,0.8453660227311204,,max
evaluation,eval-task-zcb312-1783125657,detail.score,,0.8453660227311204,0.8453660227311204,,max
evaluation,eval-task-zcb312-1783125657,score,,0.8453660227311204,0.8453660227311204,,max
evaluation,eval-task-zjufuc-1784000022,detail.metrics.metrics.summary.r1,,0.15683570162717397,0.15683570162717397,,max
evaluation,eval-task-zjufuc-1784000022,detail.metrics.metrics.summary.r2,,0.439,0.439,,max
evaluation,eval-task-zjufuc-1784000022,detail.metrics.metrics.summary.r3,,0.13791821561338288,0.13791821561338288,,max
evaluation,eval-task-zjufuc-1784000022,detail.metrics.metrics.summary.totalScore,,0.9790500844879436,0.9790500844879436,,max
evaluation,eval-task-zjufuc-1784000022,detail.metrics.score,,0.9790500844879436,0.9790500844879436,,max
evaluation,eval-task-zjufuc-1784000022,detail.score,,0.9790500844879436,0.9790500844879436,,max
evaluation,eval-task-zjufuc-1784000022,score,,0.9790500844879436,0.9790500844879436,,max
evaluation,eval-task-zydjg4-1785339553,detail.metrics.metrics.summary.r1,,0.16028454734148603,0.16028454734148603,,max
evaluation,eval-task-zydjg4-1785339553,detail.metrics.metrics.summary.r2,,0.43559999999999993,0.43559999999999993,,max
evaluation,eval-task-zydjg4-1785339553,detail.metrics.metrics.summary.r3,,0.1591078066914498,0.1591078066914498,,max
evaluation,eval-task-zydjg4-1785339553,detail.metrics.metrics.summary.totalScore,,1.0002885212803223,1.0002885212803223,,max
evaluation,eval-task-zydjg4-1785339553,detail.metrics.score,,1.0002885212803223,1.0002885212803223,,max
evaluation,eval-task-zydjg4-1785339553,detail.score,,1.0002885212803225,1.0002885212803225,,max
evaluation,eval-task-zydjg4-1785339553,score,,1.0002885212803225,1.0002885212803225,,max
finetune,train-task-19q72l-1785148776,eval_loss.train-task-19q72l-1785148776,,1.0256056785583496,1.0256056785583496,,min
finetune,train-task-19q72l-1785148776,learning_rate.train-task-19q72l-1785148776,,5e-07,5e-07,,max
finetune,train-task-19q72l-1785148776,percentage.train-task-19q72l-1785148776,,100.0,100.0,,max
finetune,train-task-19q72l-1785148776,train_loss.train-task-19q72l-1785148776,,0.43619686365127563,0.43619686365127563,,min
finetune,train-task-nqao6d-1785002348,eval_loss.train-task-nqao6d-1785002348,,0.8899376392364502,0.8899376392364502,,min
finetune,train-task-nqao6d-1785002348,learning_rate.train-task-nqao6d-1785002348,,1.3220720466722292e-10,1.3220720466722292e-10,,max
finetune,train-task-nqao6d-1785002348,percentage.train-task-nqao6d-1785002348,,100.0,100.0,,max
finetune,train-task-nqao6d-1785002348,train_loss.train-task-nqao6d-1785002348,,0.9368224143981934,0.9368224143981934,,min
